area	leggi_year	domestic_coal	domestic_electricity	domestic_gas	domestic_oil	domestic_total	industrial_and_commercial_coal	industrial_and_commercial_electricity	industrial_and_commercial_electricity_w_o_rail	industrial_and_commercial_gas	industrial_and_commercial_oil	industrial_and_commercial_total	industrial_and_commercial_waste_and_renewables	total_total	transport_aviation	transport_railways_diesel	transport_railways_electric	transport_road_transport	transport_shipping	transport_total	gss
Barking and Dagenham	2016	5042964.026	267217383.6	737892340.3	2545004.721	1012697693	179886.0063	368384778.5	323305783.3	219622164.4	105465552.7	698367875	49794488.64	2325820862	0	6173389.867	45078995.23	554273673.4	9229235.864	614755294.4	E09000002
Barking and Dagenham	2017	5601758.722	261584448.5	785459208.5	2550074.877	1055195491	157282.9645	393004158.7	347925163.2	223881355.7	108566695.5	729983080.8	49452583.46	2385454691	0	6173389.867	45078995.51	539794498.2	9229235.864	600276119.5	E09000002
Barking and Dagenham	2015	5294950.248	269462331.5	699182399.6	2520748.024	976460429.4	737797.2784	391064075.2	346064851.9	232715965.3	146339887.1	772136548.4	46278046.78	2354255964	0	6173389.867	44999223.3	545257137.5	9229235.864	605658986.5	E09000002
Barking and Dagenham	2011	4942750	282462883.5	739625447	2465560	1029496641	10978720	433450208.7	385257984.9	230126486.9	158714610	785077801.7	0	2437759982	0	12824003.16	48192223.83	560972172	1197140.619	623185539.6	E09000002
Barking and Dagenham	2013	4913062.825	270024558	813881012.4	2501302.115	1091319935	13863303.4	422863926	371508651.2	228427988.9	115855983.4	752566552.7	22910625.66	2446919684	0	12824003.16	51355274.76	537656777.2	1197140.619	603033195.8	E09000002
Barking and Dagenham	2014	4992336.195	272901887.7	762016168.4	2496911.362	1042407304	12786786.91	314089618.3	269588176.7	229834760.1	149536113.6	732827603.9	71081766.5	2382729474	0	6173389.867	44501441.65	547590499.2	9229235.864	607494566.6	E09000002
Barking and Dagenham	2010	5338170	285250700.5	906493047.3	2570230	1199652148	11001980	471879868.2	423687644.3	242841794.2	172984620	850516038.5	0	2673353726	0	12824003.16	48192223.83	560972172	1197140.619	623185539.6	E09000002
Barking and Dagenham	2012	4768300	275103437.7	803936512	2488820	1086297070	9966910	440092758.1	391900534.3	231374451.9	149387350	782629246.2	0	2492111856	0	12824003.16	48192223.83	560972172	1197140.619	623185539.6	E09000002
Barnet	2011	3861160	644957177.2	2154429692	8478270	2811726299	2930760	549629895.9	470682315.9	522503145.8	35994850	1032111072	0	5515239897	907132.2532	26484517.97	78947580.01	1565063297	0	1671402527	E09000003
Barnet	2017	5352878.762	618659527	2252749570	8515112.307	2885277088	1850911.391	497695706.5	416995701	558665617.8	58834536.85	1084165308	47818540.96	5623782527	899266.6414	19614625.16	80700005.51	1553126234	0	1654340131	E09000003
Barnet	2010	4175170	651248776.1	2622200578	9024880	3286649404	2686530	562143186	483195605.9	646876867.1	40902710	1173661713	0	6131713644	907132.2532	26484517.97	78947580.01	1565063297	0	1671402527	E09000003
Barnet	2014	4763231.905	633063075.4	2263044923	8356284.232	2909227514	139613.7387	643095500.2	563791492.3	573065324.8	41000418.23	1217812482	39815632.4	5818686075	916419.9363	19614625.16	79304007.89	1591811027	0	1691646080	E09000003
Barnet	2015	5055311.969	629736914.5	2069329823	8434761.381	2712556811	4222500.111	518872019.7	438364830.5	537102797.8	52842291.5	1077281319	44748899.26	5475904215	916178.5757	19614625.16	80507189.18	1585028091	0	1686066084	E09000003
Barnet	2012	3733230	639195022.4	2364815981	8571310	3016315543	3174990	534068061.2	455120481.2	576137398.6	36890360	1071323230	0	5759041300	907132.2532	26484517.97	78947580.01	1565063297	0	1671402527	E09000003
Barnet	2013	4134516.322	632631977	2416573374	8395988.071	3061735856	222802.1622	525558016	438033536.6	595490405.9	37280589.38	1071027334	0	5721221872	916917.8609	26930019.33	87524479.44	1473087266	0	1588458683	E09000003
Barnet	2016	4813968.403	623633162.5	2162816511	8515060.747	2799778703	2153379.62	491571638.7	410871633.6	525202339.5	57759922.25	1044136424	48149148.7	5556384512	916178.5757	19614625.16	80700005.17	1611238577	0	1712469386	E09000003
Bexley	2013	3775250.501	387009134	1373866038	5831008.806	1770481432	556792.6022	398483630	369017817.4	794026492.7	135933988	1328478149	28943058.01	3891483394	32257760.13	4685808.792	29465812.56	723896668	2217764.323	792523813.8	E09000004
Bexley	2014	5850720.417	391796730.6	1150908191	5830791.377	1554386434	215314.6043	493875253.9	473171386.7	689984266.4	142192027	1384795317	79232321.95	3770829598	33251624.39	3191701.213	20703867.21	767757522.6	6743132.546	831647848	E09000004
Bexley	2011	3407590	397898805.4	1227919629	5791740	1635017764	3012170	384299841.2	349960010.6	736055504.3	119905300	1234344535	25411550	3698502954	30560459.56	4685808.792	34339830.65	757336791.8	2217764.323	829140655.1	E09000004
Bexley	2012	3291290	391695759.6	1358008477	5849890	1758845416	3012170	403469214.2	369129383.6	768864482.2	100622760	1267040346	25411550	3855026417	30560459.56	4685808.792	34339830.65	757336791.8	2217764.323	829140655.1	E09000004
Bexley	2017	6585644.566	371815290.2	1281978816	5957844.607	1666337595	563400.7022	397709834	377005966.8	740583971.6	103891618.9	1311334615	89289656.52	3794119319	31939472.46	3191701.213	20703867.21	753868936.1	6743132.546	816447109.5	E09000004
Bexley	2015	6213847.066	386392855.6	1191886737	5886652.005	1590380091	996853.5566	407062466	386358598.8	677896695.5	92642595.41	1244679229	86784485.78	3667668548	37484528.96	3191701.213	20703867.21	764485997.6	6743132.546	832609227.5	E09000004
Bexley	2010	3675080	402549365.1	1515687337	6024340	1927936122	3558780	404350006.2	370010175.5	810600810	125103910	1334685226	25411550	4091762003	30560459.56	4685808.792	34339830.65	757336791.8	2217764.323	829140655.1	E09000004
Bexley	2016	5916204.161	379334061.1	1221963657	5943430.104	1613157352	646544.2304	383485292.4	362781425.2	695269438.1	101903094	1250301961	89701459.48	3708710315	37484528.96	3191701.213	20703867.21	777127772.4	6743132.546	845251002.3	E09000004
Brent	2017	3864828.521	424582525.8	1577570201	5068564.459	2011086120	0	760989201.3	660750123.8	527863659.4	88563976.54	1312062976	34885216.01	4290438049	1246291.319	32386800.64	100239077.5	833416784.3	0	967288953.7	E09000005
Brent	2012	2139920	437838769.5	1659648787	4954380	2104581857	0	827781836.9	696010893.1	563631562.1	85643320	1345285775	0	4453098479	1300529.6	35757032.93	131770943.8	834402341.4	0	1003230848	E09000005
Brent	2013	2430704.778	430827575	1704180560	5019413.304	2142458253	29323.2471	820243097	703382193.6	612362443	68431014.69	1384204975	0	4466516347	1361865.39	36872724.53	116860903.4	784757625.7	0	939853119.1	E09000005
Brent	2015	3647177.844	429968379.4	1460664671	5047780.467	1899328009	0	582598502.7	482632338.7	544780153.5	86745428.03	1146803731	32645810.3	4025080432	1352294.633	32386800.64	99966164.02	845243433.6	0	978948692.9	E09000005
Brent	2016	3472572.309	429064659.1	1522736908	5094504.64	1960368644	0	623940248.5	523701171.4	536952523.2	85124232.02	1180904332	35126405.35	4134471788	1352294.633	32386800.64	100239077.1	859220639.2	0	993198811.6	E09000005
Brent	2010	2407410	446864730	1867610422	5361430	2322243992	0	639057903.6	507286959.8	568075034.4	103983830	1179345824	0	4504820664	1300529.6	35757032.93	131770943.8	834402341.4	0	1003230848	E09000005
Brent	2011	2221330	439452017	1526595916	4896230	1973165493	0	592978096	461207152.2	497180920.8	84143050	1042531123	0	4018927463	1300529.6	35757032.93	131770943.8	834402341.4	0	1003230848	E09000005
Brent	2014	3434433.429	435615822.4	1592866623	5002786.676	2036919665	0	920652156.7	822388983	577864938.5	77482990.39	1506783740	29046828.05	4524565345	1351414.951	32386800.64	98263173.68	848860550.3	0	980861939.6	E09000005
Bromley	2011	7292010	584768402.6	2000753139	13781550	2606595102	441940	449765872.8	354933994.7	375314512.4	82224100	813403007.1	488460	4556545146	5689728.83	5157153.974	94831878.13	1030868276	0	1136547037	E09000006
Bromley	2012	7024520	576778794.2	2216949390	13932740	2814685444	488460	451745525	356913646.9	424891083.8	80421450	863237990.7	523350	4814470472	5689728.83	5157153.974	94831878.13	1030868276	0	1136547037	E09000006
Bromley	2010	7826990	586936181.4	2451449196	15491160	3061703528	523350	460527465.4	365695587.3	454709020.4	86248080	907606347.7	430310	5105856913	5689728.83	5157153.974	94831878.13	1030868276	0	1136547037	E09000006
Bromley	2015	6732455.501	566559808.4	1976662617	13553040.83	2563507922	6632.19144	431429375.9	382177795.6	392608085.8	75388046.05	905803756.2	55623196.63	4555458268	5696134.24	2763415.686	49251580.3	1028435459	0	1086146590	E09000006
Bromley	2013	7728099.988	571602711	2261959263	13648489.08	2854938564	67845.88793	439937544	357108878.5	450383097.7	67776606.16	876059326.5	722898.2742	4810381242	5689728.83	5157153.974	82828665.53	985707804	0	1079383352	E09000006
Bromley	2014	6365687.919	571978417.3	1897789196	13434995.47	2489568297	31803.73995	464817682.5	415671756.3	370230135.4	73050025.95	908478548.8	49494827.45	4488491950	5699238.4	2763415.686	49145926.26	1032836524	0	1090445105	E09000006
Bromley	2016	6416395.543	554558839.4	2016311576	13676628.51	2590963439	6750.877895	412357439.9	363223327.8	384926640.3	78955183.33	886961632.9	59849730.61	4580960696	5696134.24	2763415.686	49134112.1	1045441962	0	1103035624	E09000006
Bromley	2017	7096117.249	547354739.7	2112589187	13570600.19	2680610644	6745.674683	403675812	354331085.8	387689782.6	81778418	883244814.9	59438782.86	4622672331	5696134.24	2763415.686	49344726.22	1001012596	0	1058816872	E09000006
Camden	2016	1178560.796	350460701	946854656	9646252.342	1308140170	185965.659	1315646507	1209012555	1469920769	68280238.02	2758410767	11011240.45	4851218059	0	25358143.18	106633952	652675026.6	0	784667121.8	E09000007
Camden	2017	1303572.869	348539094.9	983231109	9363712.534	1342437489	159728.2977	1347909963	1241276011	1440810336	67470096.9	2760651806	10935633.68	4833552298	0	25358143.18	106633951.7	598470907.9	0	730463002.7	E09000007
Camden	2015	1236638.02	352333764.5	909641954.5	9569631.496	1272781989	368759.8047	1355316655	1248960761	1329768661	63433993.66	2652765812	10233636.58	4699319625	0	25358143.18	106355893.9	642057787.3	0	773771824.4	E09000007
Camden	2011	1907320	363540451.9	962572499	9408670	1337428941	0	1401506847	1284833775	1395608338	43856730	2724298843	0	4862011337	0	34342406.54	116673072.5	649268074.8	0	800283553.8	E09000007
Camden	2013	2189728.525	358146563	1071354136	9909692.168	1441600120	64639.38907	1400552421	1278066920	1635542157	43787773.62	2957461490	0	5163008403	0	35181501.28	122485501.2	606279791.7	0	763946794.2	E09000007
Camden	2014	1169176.199	360200450.6	998574266.4	9502040.73	1369445934	0	1437742521	1333121718	1349210579	41104747.74	2732542491	9105446.592	4876772767	0	25358143.18	104620802.9	644805395.7	0	774784341.8	E09000007
Camden	2010	2058510	367128164.6	1175497373	12048680	1556732728	23260	1459639297	1342966225	1575439479	46054800	2964483764	0	5321500045	0	34342406.54	116673072.5	649268074.8	0	800283553.8	E09000007
Camden	2012	1825910	360377859.4	1046509343	9524970	1418238083	0	1423535422	1306862349	1546203551	38262700	2891328600	0	5109850237	0	34342406.54	116673072.5	649268074.8	0	800283553.8	E09000007
City of London	2011	0	25568863.3	32182623.98	395420	58146907.28	69780	2361659212	2325190925	760222825.4	12176610	3097660140	0	3400860187	4736039.263	43989.04879	36468287.61	194081982.5	9722841.13	245053139.6	E09000001
City of London	2017	5017.53944	28192856.66	28279399.64	339308.5691	56816582.41	53242.76589	2044086113	1998016497	840514715	52209186.62	2890841273	47632.11968	3214149317	4952688.921	0	46069616.37	207473394.7	7995761.22	266491461.2	E09000001
City of London	2010	0	26423416.3	38983566.54	500090	65907072.84	69780	2657314218	2620845931	949051196.9	13351240	3583318148	0	3894278360	4736039.263	43989.04879	36468287.61	194081982.5	9722841.13	245053139.6	E09000001
City of London	2014	4428.808399	27922851.1	29955413.97	345005.26	58227699.14	0	2074873155	2029901177	673061406.3	35527701.39	2738529919	39634.84328	3072323204	5160451.422	0	44971978.52	217437394.9	7995761.22	275565586	E09000001
City of London	2015	4716.954174	27932829.08	28821073.25	347413.6234	57106032.91	122919.9349	2230337175	2184382655	814277274.9	47142605.12	3045970000	44545.70987	3379365363	5828186.226	0	45954519.88	216510862.9	7995761.22	276289330.2	E09000001
City of London	2012	0	26531497.3	33576875.59	395420	60503792.89	46520	2440805882	2404337595	815419458.4	11850970	3231654543	0	3537211475	4736039.263	43989.04879	36468287.61	194081982.5	9722841.13	245053139.6	E09000001
City of London	2013	0	26823498	34813603.44	399440.0414	62036541.48	70101.32041	2411992234	2366426100	815207584.8	33560110.25	3215263896	0	3528498033	5003822.67	43989.04879	45566134.42	191051305	9532344.686	251197595.8	E09000001
City of London	2016	4488.002069	26727733.5	29876779.43	350164.5644	56959165.49	61988.55299	2149512849	2103377156	773239195.1	52924996.67	2929651267	47930.51994	3266661216	5828186.226	0	46135692.61	220091143.2	7995761.22	280050783.3	E09000001
Croydon	2013	7704725.491	608685050	2248212652	8617631.301	2873220059	597980.1043	677530677	569404364.9	487045668.7	27507436.63	1084911956	356505.9423	4985820580	1141271.991	7361206.503	108126312.1	911059774.3	0	1027688565	E09000008
Croydon	2014	7948345.223	609710900.5	1898155631	8559738.539	2524374616	657551.1507	613317979.5	553461259.3	386212491.3	31808906.88	1037251130	65110921.41	4596512038	1143179.465	4919937.977	59856720.21	968966454.9	0	1034886293	E09000008
Croydon	2011	6989630	618832719.9	2006220618	8641090	2640684058	1116480	690986417.4	570828016	440018271.7	42042450	1054191298	186080	4776266838	1141271.991	7361206.503	120158401.4	948069353.5	4661249.144	1081391483	E09000008
Croydon	2012	6733770	613792013.5	2201361544	8745760	2830633088	1116480	702433734.2	582275332.8	486214913.1	43449680	1113254116	197710	5025278686	1141271.991	7361206.503	120158401.4	948069353.5	4661249.144	1081391483	E09000008
Croydon	2017	8910374.105	578993982	2119146763	8724940.791	2715776060	212019.9384	641982058.5	581072982.3	464817936.7	37673809.75	1161910174	78133425.66	4870189391	1142556.818	4919937.977	60909076.2	925531585.8	0	992503156.8	E09000008
Croydon	2015	8426767.33	602972800.5	1973946919	8640296.571	2593986784	434840.4866	638377192.8	577961188.5	415080487.6	37286926.57	1103881609	73118166.07	4729184442	1142556.818	4919937.977	60416004.34	964837549.7	0	1031316049	E09000008
Croydon	2010	7524610	615294342.3	2443881868	9176070	3075876890	1197890	721977398.8	601818997.4	541499911.2	47729520	1192409139	162820	5349677511	1141271.991	7361206.503	120158401.4	948069353.5	4661249.144	1081391483	E09000008
Croydon	2016	8026504.282	591518901.9	2018743784	8722666.488	2627011856	262981.5189	595898448.2	536104264.2	446458469	35887451.68	1097395388	78682221.53	4771056308	1142556.818	4919937.977	59794184.02	980792384.6	0	1046649063	E09000008
Ealing	2017	6046834.509	469328066.7	1725608814	6387327.408	2207371043	573052.6523	893239094.2	830850660.2	738026123.6	103971728.8	1725713256	52291691.11	5170254882	597316.6246	52310737.01	62388433.99	1121874095	0	1237170583	E09000009
Ealing	2012	5873150	494222019.5	1822253633	6361610	2328710413	918770	925580936.3	866377767.4	778986856.5	111206060	1757489454	0	5391539214	669186.3893	88659669.87	59203168.92	1156807322	0	1305339348	E09000009
Ealing	2013	6731882.119	488856557	1862944217	6355251.972	2364887908	1544267.999	957477997	891785583.2	809268941.6	76361289.28	1778960082	0	5392733363	749154.1628	87651679.53	65692413.75	1094792126	0	1248885373	E09000009
Ealing	2015	5724146.607	481725892.2	1579672063	6368916.684	2073491018	885744.3714	874103852.6	811901554.7	712224769.7	100687395	1674634366	48934902.05	5013855461	735520.584	52310737.01	62202297.92	1150481522	0	1265730077	E09000009
Ealing	2016	5453209.524	475230903.8	1652183683	6427488.917	2139295285	596242.3606	839060110.2	776671676.4	686040831.1	98555280.13	1614517255	52653225.31	5038753453	735520.584	52310737.01	62388433.75	1169506222	0	1284940913	E09000009
Ealing	2010	6582580	503561507.9	2043692774	6966370	2560803232	1407230	859079122.7	799875953.8	820319580.8	133710110	1755312875	0	5621455455	669186.3893	88659669.87	59203168.92	1156807322	0	1305339348	E09000009
Ealing	2011	6094120	497708620.1	1665802073	6291830	2175896643	1372340	881091983.7	821888814.8	723520963.8	109915130	1656697249	0	5137933239	669186.3893	88659669.87	59203168.92	1156807322	0	1305339348	E09000009
Ealing	2014	5403123.917	488911573.4	1737906645	6312710.833	2238534053	109555.6995	893535420.9	832494619.3	778404429.1	88302140.03	1742850900	43540156.37	5250875174	733813.7023	52310737.01	61040801.68	1155404868	0	1269490220	E09000009
Enfield	2011	5942930	519534584.7	1538306879	6105750	2069890144	348900	496115419.3	444587653.2	576945619.4	95389260	1139682443	22411010	4787366952	1210499.115	3449964.07	51527766.13	1521606137	0	1577794366	E09000010
Enfield	2012	5745220	513432548	1693476491	6163900	2218818159	337270	538350097.6	486822331.5	539256075.7	93982030	1142808717	22411010	4939421242	1210499.115	3449964.07	51527766.13	1521606137	0	1577794366	E09000010
Enfield	2010	6419760	527141517	1892726049	6687250	2432974576	337270	545248041.1	493720275	621138310.9	107996180	1269909746	46717710	5280678687	1210499.115	3449964.07	51527766.13	1521606137	0	1577794366	E09000010
Enfield	2015	6850782.669	501565980.5	1473043544	6165868.847	1987626176	666948.5323	539068598.8	495712274.5	505083960.6	91335405.82	1153221851	60423261.67	4663521614	1452991.327	2222860.581	43356324.31	1475641411	0	1522673587	E09000010
Enfield	2013	5748924.191	506182595	1723761664	6123640.82	2241816824	774104.3689	551348408	501004310	593718041.9	78755395.29	1199043944	24792092.59	4941217068	1266760.956	3609245.939	50344098.01	1445136195	0	1500356300	E09000010
Enfield	2014	6456190.166	507761004.2	1607318496	6110717.507	2127646408	583358.4293	583160755	540164432.6	549421380.1	82949680.66	1276873378	103754526.7	4932997554	1302344.755	2222860.581	42996322.45	1481956240	0	1528477767	E09000010
Enfield	2016	6524017.214	494998302.9	1538948166	6223071.715	2046693557	393500.5364	521483581.8	478069565	503012123.8	87368468.09	1133858186	65014529.05	4727684666	1452991.327	2222860.581	43414016.83	1500043054	0	1547132923	E09000010
Enfield	2017	7252236.7	487051655.2	1618554975	6193907.707	2119052775	341365.8254	533476910.1	490062893.5	530324332.7	75210218.38	1160506929	64568118.12	4758728004	1258178.17	2222860.581	43414016.56	1432273245	0	1479168301	E09000010
Greenwich	2016	4869782.122	374773467	1117918054	4663477.75	1502224781	62768.55926	442294254.3	409831993.9	467346966.5	74076538.44	1000207922	48889654.86	3481197420	30170806.81	2266524.86	32462260.36	905257093	8608031.697	978764716.7	E09000011
Greenwich	2017	5416565.602	371930977.1	1180046748	4650866.691	1562045157	54022.77217	453464919	421237672.6	463752344.7	74762272.93	1008360276	48553962.56	3510858344	25647224.79	2266524.86	32227246.39	871703883.1	8608031.697	940452910.8	E09000011
Greenwich	2015	5114160.573	377169554.1	1088487253	4620141.5	1475391109	157438.0183	450107084.4	417830121.4	423537838.3	69710986.16	956673495.4	45437111.55	3395917955	30170806.81	2266524.86	32276963.02	890531024.4	8608031.697	963853350.8	E09000011
Greenwich	2011	3663450	385553177.7	1136366465	4314730	1529897822	3721600	372857008.7	335962870.4	976989739.7	36797320	1353471530	0	3816960813	24507964.36	2705700.969	36894138.34	868163116.1	1320540.539	933591460.3	E09000011
Greenwich	2013	3855004.09	374635785	1255612716	4526461.757	1638629967	266947.4684	441602319	405487253.3	462796771.7	37032927.68	905583900.1	0	3434843707	25903319.01	2705700.969	36115065.73	816285172.4	9620581.975	890629840.1	E09000011
Greenwich	2014	4817744.762	381339956.9	1054566840	4578114.778	1445302656	307846.1908	492522720.4	460875687.2	937432787.4	41761631.65	1480805926	40427973.88	3889686256	26714140.02	2266524.86	31647033.25	894341943.9	8608031.697	963577673.7	E09000011
Greenwich	2010	3965830	388808594.2	1396639258	4617110	1794030792	3535520	417777800.2	380883661.9	1190967414	41333020	1616719616	0	4344341868	24507964.36	2705700.969	36894138.34	868163116.1	1320540.539	933591460.3	E09000011
Greenwich	2012	3547150	379304600.6	1242667797	4361250	1629880797	3803010	418273904.5	381379766.2	780398703.1	36971770	1202553249	0	3766025507	24507964.36	2705700.969	36894138.34	868163116.1	1320540.539	933591460.3	E09000011
Hackney	2011	2581860	354690313.9	986566919.2	2849350	1346688443	465200	470523898.2	440039922.5	264762814.4	21282900	726550836.8	0	2630478366	433047.1605	2862611.305	30483975.74	515044513.8	8414938.034	557239086	E09000012
Hackney	2017	2117374	343110247.1	1009267359	3011888.961	1357506869	616643.468	555231233.4	531113173.8	386900312.1	26608350.9	963354074.9	18115594.67	2827518176	452223.7088	3138575.168	24118059.62	478948373.3	0	506657231.8	E09000012
Hackney	2010	2791200	350993828.5	1211917889	3582040	1569284957	476830	454841687.8	424357712	300959908.3	24132250	749926700.3	0	2876450743	433047.1605	2862611.305	30483975.74	515044513.8	8414938.034	557239086	E09000012
Hackney	2014	1894498.775	353880744.2	1015328518	3046345.848	1374150107	84652.22511	694558036.5	670571855.3	324627682.2	15699507.5	1026067467	15083769.68	2928736360	470015.089	3138575.168	23986181.29	500924015	0	528518786.5	E09000012
Hackney	2015	2005900.862	347613471.9	919706133.5	3068686.709	1272394193	1119773.491	577063264.9	552963420.4	323606500	25279579.17	919921963.5	16952690.42	2718874914	530832.5268	3138575.168	24099844.48	498789505.8	0	526558758	E09000012
Hackney	2012	2488820	350070577.3	1067617791	2884240	1423061428	290750	561319329.4	530835353.7	327466502.7	21550390	880142996.4	0	2860443511	433047.1605	2862611.305	30483975.74	515044513.8	8414938.034	557239086	E09000012
Hackney	2013	2885457.968	348380425	1086745975	3009540.487	1441021399	130601.3216	555071874	527159555	371872006.7	14193194.55	913355357.6	0	2863312385	455749.3066	2862712.726	27912318.99	477704847.4	0	508935628.5	E09000012
Hackney	2016	1911220.32	345532024.8	967536152.6	3093706.819	1318073104	708532.7834	547176493.2	523058433.9	333213637.4	25805238.35	901026684.6	18240842.24	2753924892	530832.5268	3138575.168	24118059.3	507037635.6	0	534825102.6	E09000012
Hammersmith and Fulham	2013	1004030.259	286619042	990452527.3	3718428.566	1281794028	17271.15853	714607465	665471246	631914886.8	29935485.86	1327338890	0	3155950349	62275680.4	17993103.57	49136218.97	416527139.5	885288.0686	546817430.5	E09000013
Hammersmith and Fulham	2014	1837589.412	292328691.7	921956928.5	3681732.485	1219804942	0	665763395.8	620229487.3	532195607.3	38083026.05	1206284707	15776585.95	3007437990	61000458.74	10439296.09	45533908.47	464063939.4	310738.8298	581348341.6	E09000013
Hammersmith and Fulham	2011	1081590	291022539	891350300.4	3454110	1186908539	0	732534179.9	684035686.6	587289428.6	40623590	1311948705	0	3074754746	55628120.05	18166934.63	48498493.29	453561370.9	42582.47686	575897501.4	E09000013
Hammersmith and Fulham	2012	1035070	289830767.7	968181892.4	3500630	1262548360	0	722692854.3	674194361	645054338.2	37541640	1356790339	0	3195236201	55628120.05	18166934.63	48498493.29	453561370.9	42582.47686	575897501.4	E09000013
Hammersmith and Fulham	2017	2071512.121	286363682.1	914847128.3	3643233.409	1206925556	0	666008457.9	619449517	579163323	38632865.93	1256193372	18947666.43	3022047012	62910936.99	10439296.09	46558940.92	438708171.3	310738.8298	558928084.1	E09000013
Hammersmith and Fulham	2015	1952908.295	287963913.9	832912095.4	3708946.485	1126537864	0	668331049.9	621913687.2	563035625.8	41997998.53	1244678660	17731348.54	2951612766	61142348.38	10439296.09	46417362.61	462086496.3	310738.8298	580396242.3	E09000013
Hammersmith and Fulham	2010	1163000	293824231	1103464598	4326360	1402778189	0	752829604.6	704331111.3	700240336.6	49671730	1454243178	0	3432918869	55628120.05	18166934.63	48498493.29	453561370.9	42582.47686	575897501.4	E09000013
Hammersmith and Fulham	2016	1859076.388	285360163.3	874882679.5	3739329.949	1165841249	0	650743999.2	604185058.6	552473246.7	38395866.54	1214132839	19078666.77	2968153091	61142348.38	10439296.09	46558940.61	469727679.4	310738.8298	588179003.3	E09000013
Haringey	2017	4146441.449	358651754.7	1307055038	3079861.055	1672933095	212971.0636	407443434.1	345613883.1	354621065.2	27361290.26	765194752.4	37385542.82	3038318626	0	8955852.415	61829551.01	529405375.4	0	600190778.8	E09000014
Haringey	2012	2546970	376967374.2	1386799947	3047060	1769361352	81410	403148830.9	334825093	349055287.5	30133330	714095120.5	0	3125790202	0	15942342.75	68323737.94	557207959.4	859689.7032	642333729.8	E09000014
Haringey	2013	2690660.813	371600481	1416351507	3113127.867	1793755777	5709890.014	396863359	324684962	362162194.4	22152975.29	714710021.7	0	3112691118	0	18923367.46	72178397.02	513123554.7	0	604225319.2	E09000014
Haringey	2015	3913255.856	369054622.3	1203232080	3085555.469	1579285514	491679.7396	405947450.4	344257105.7	300640631.2	27342641.14	707717690.1	34985632.27	2911114339	0	8955852.415	61690344.66	553464938.4	0	624111135.5	E09000014
Haringey	2016	3725968.436	364815745.4	1255002686	3113219.598	1626657619	247954.212	392364368.5	330534817.1	348699114.8	26286809.19	743412714.1	37644018.92	3003472939	0	8955852.415	61829551.45	562617201.8	0	633402605.7	E09000014
Haringey	2010	2860980	388423260.5	1575426769	3430850	1970141859	139560	416166764	347843026	368469395.5	35169120	751621101.5	0	3364096690	0	15942342.75	68323737.94	557207959.4	859689.7032	642333729.8	E09000014
Haringey	2011	2640010	386794127.2	1278517647	3012170	1670963954	127930	395119635.6	326795897.7	317814654.3	29854210	674592691.9	0	2987890376	0	15942342.75	68323737.94	557207959.4	859689.7032	642333729.8	E09000014
Haringey	2014	3685224.77	371811671.7	1313634147	3059380.288	1692190424	4467639.639	399106720.1	338285028.5	325054145.2	24716570.27	723652083.9	31128700.29	3041453477	0	8955852.415	60821691.64	555833424.5	0	625610968.6	E09000014
Harrow	2011	2337630	367979976.6	1386511711	5198610	1762027928	534980	255323421.9	204265399.3	453931173.2	26179130	684910682.5	0	3068828793	965160.1096	14547512.33	51058022.6	555319487.7	0	621890182.8	E09000015
Harrow	2012	2256220	361905362.6	1520883704	5256760	1890302046	465200	251362496.3	200304473.7	534448625.1	26481510	761699808.8	0	3273892038	965160.1096	14547512.33	51058022.6	555319487.7	0	621890182.8	E09000015
Harrow	2010	2535340	373368212.9	1684979587	5396320	2066279459	534980	254308502.6	203250479.9	598847922	31540560	834173941.9	0	3522343584	965160.1096	14547512.33	51058022.6	555319487.7	0	621890182.8	E09000015
Harrow	2015	3807659.21	357523318.6	1349989655	5293149.836	1716613783	17259.0417	242796088.1	196765682.3	327513032.7	23516348.21	581792907.4	33980585.14	2924389931	966246.6721	13487710.51	46030405.84	565498877.8	0	625983240.8	E09000015
Harrow	2013	2529288.331	360323856	1565253979	5228787.94	1933335911	564659.5841	251015338	201623225.7	457351241.8	20483600.19	680024460.4	1733.18737	3209950539	965160.1096	14867667.1	49392112.34	531365227.4	0	596590166.9	E09000015
Harrow	2014	3586122.467	361520849.9	1474745796	5242777.284	1845095546	512363.245	326677306.6	281316233.3	380809078.7	20867983.19	713740111.3	30234452.89	3186570076	966773.2371	13487710.51	45361073.23	567918861.7	0	627734418.6	E09000015
Harrow	2016	3625507.789	354818671.8	1410853867	5344300.643	1774642347	390.0031369	227029441.8	180891771.3	247962629.2	22733809.84	488151203.6	36562603.19	2898235296	966246.6721	13487710.51	46137670.52	574850118.2	0	635441745.9	E09000015
Harrow	2017	4034051.481	347648953.9	1470152524	5359157.95	1827194687	390.0031369	219548481.6	173410811.6	248027823.9	23958258.52	481708836.4	36311552.44	2927156819	966246.6721	13487710.51	46137670.02	557661667.5	0	618253294.7	E09000015
Havering	2016	6117996.951	408279358	1329900471	7544921.717	1751842748	704200.0574	374838643	329037520.2	229590388.8	65708799.12	679991794.1	54950886.04	3940699406	13366314.18	7515085.921	45801122.88	1441498538	683803.2459	1508864864	E09000016
Havering	2017	6746861.205	398335676.6	1399746967	7517467.734	1812346973	599875.9454	384886863	339085739.6	239500365.3	67170490.17	700922251.2	54565780.15	3971372749	11345427.8	7515085.921	45801123.37	1392758085	683803.2459	1458103526	E09000016
Havering	2015	6416554.512	416145697.4	1273616511	7475167.037	1703653930	1228477.529	390699131.6	344940757.7	225781809.9	62132474.78	685151501.5	51067981.57	3874178268	13366314.18	7515085.921	45758373.86	1418049259	683803.2459	1485372836	E09000016
Havering	2011	11676520	424990408.2	1339987961	7559500	1784214389	4896230	400476161.1	342515360.3	210088331.1	60406220	617929401.4	23260	3869410980	10868933.84	9600495.407	57960800.83	1386568509	2268450.432	1467267189	E09000016
Havering	2013	12110325.88	416766477	1488502616	7424771.706	1924804191	749722.4685	411916369	356521819.5	247509340.2	43233727.07	648099037.2	84428.07503	3979897128	11475725.6	9600495.407	55394549.54	1328254679	2268450.432	1406993900	E09000016
Havering	2014	6078088.138	418900902.3	1389912004	7407704.806	1822298700	649930.2405	406286226	360794610.8	227163362.7	47738633.92	681833295.1	45486757.47	3993775065	11834936.69	7515085.921	45491615.23	1424117629	683803.2459	1489643070	E09000016
Havering	2010	12606920	431624936.5	1657867182	8268930	2110367968	5803370	473088422.7	415127621.9	254886463.2	67535410	743376125	23260	4321011283	10868933.84	9600495.407	57960800.83	1386568509	2268450.432	1467267189	E09000016
Havering	2012	11269470	418074295	1477366529	7652540	1914362834	5361430	400075525.1	342114724.3	265977430.3	59487450	672964294.6	23260	4054594318	10868933.84	9600495.407	57960800.83	1386568509	2268450.432	1467267189	E09000016
Hillingdon	2011	5942930	442046354.3	1410381935	8966730	1867337949	10839160	1049838473	1005824606	938012404.7	403561000	2566402541	208165370	8778720919	2613290607	62723343.18	44013866.92	1624952612	0	4344980429	E09000017
Hillingdon	2017	5613642.581	424899199.2	1491455226	9081798.976	1931049867	360466.3648	961447721.6	908125356.7	765947363.5	504474951.9	2294157558	115249419.7	8937547456	2977568704	41564378.62	53322364.87	1639884584	0	4712340031	E09000017
Hillingdon	2010	6408130	443115667.9	1728646102	9536600	2187706500	13397760	1140388678	1096374811	1484864515	411457770	3076851775	70756920	9609538703	2613290607	62723343.18	44013866.92	1624952612	0	4344980429	E09000017
Hillingdon	2014	5023445.113	438208798.2	1492604543	8912106.739	1944748893	1592398.029	1180886539	1128733645	852540370.9	438246099.6	2766282421	345169907.2	9201132451	2727078944	41564378.62	52152894.05	1669304921	0	4490101137	E09000017
Hillingdon	2015	5318520.118	433813098.1	1356573444	8995824.173	1804700887	767660.2552	998493151.3	945332314.6	703175112.9	463017090.2	2228210596	115918417.8	8523793001	2733964530	41564378.62	53160836.61	1662191773	0	4490881518	E09000017
Hillingdon	2012	5721960	438119949.6	1556444297	9071400	2009357606	12071940	1097829777	1053815910	1045566279	406666210	2709375689	191255350	9063713724	2613290607	62723343.18	44013866.92	1624952612	0	4344980429	E09000017
Hillingdon	2013	6198039.62	437416456	1587597081	8954714.934	2040166292	1533477.947	1309342903	1255967916	1044660156	385495371.9	2913832993	226176070.6	9527649058	2908512224	63278059.72	53374986.72	1548484503	0	4573649774	E09000017
Hillingdon	2016	5067553.036	430479149.8	1426848981	9081478.491	1871477162	422852.9784	948192990	894870625.1	678173945.7	490672011.6	2176914022	112774586.4	8566920718	2733964530	41564378.62	53322364.94	1689678261	0	4518529534	E09000017
Hounslow	2013	5139792.145	387563174	1288446822	6908298.842	1688058087	251122.8663	975597290	931827216.2	676949575.5	58610385.41	1667638300	0	4954845636	437597936.9	2756200.701	43770073.83	1114639026	386011.7226	1599149249	E09000018
Hounslow	2014	4215199.123	389598632	1088250886	6926877.838	1488991595	159898.6474	1018968794	976510823.4	579815188.7	70791918.09	1690394680	63116851.66	4824253819	426177774.9	1420312.372	42457971.1	1174431368	380117.1368	1644867543	E09000018
Hounslow	2011	4535700	394942393.9	1150086798	6629100	1556193992	0	995503374.8	953955294.9	616250746	94040180	1664246221	0	4820324723	381036204.1	2756200.701	41548079.93	1174544025	0	1599884510	E09000018
Hounslow	2012	4372880	392176661	1260247612	6710510	1663507663	0	1001024706	959476626.3	688284633.5	76641700	1734090750	9687790	4997482923	381036204.1	2756200.701	41548079.93	1174544025	0	1599884510	E09000018
Hounslow	2017	4719152.119	382450674.4	1211482815	6999859.416	1605652501	704250.8777	919860932.7	876629883.5	585950871.9	53827785.29	1558044822	40932030.48	4807619639	462804406.1	1420312.372	43231049.24	1136086431	380117.1368	1643922316	E09000018
Hounslow	2015	4466365.846	386819302.9	1103692314	6987948.301	1501965931	1246066.946	939575551.9	896451280.9	590584484.1	73001733.7	1624984306	63700740.3	4768471038	427169153.5	1420312.372	43124271.07	1169426947	380117.1368	1641520801	E09000018
Hounslow	2010	4896230	398124074.2	1408261446	7350160	1818631910	0	1003693259	962145179.4	739841813	82538110	1784525102	0	5203041523	381036204.1	2756200.701	41548079.93	1174544025	0	1599884510	E09000018
Hounslow	2016	4254797.852	384247455.8	1158388791	7051809.418	1553942854	808180.288	905330031.9	862098982.6	601104097.5	66758569.42	1610875024	80105194.14	4825783439	427169153.5	1420312.372	43231049.27	1188764928	380117.1368	1660965561	E09000018
Islington	2017	1528409.887	315553804.4	934426455.6	3153051.759	1254661722	770079.0583	812213445.1	756560233.7	689724830.4	26092332.45	1486484782	13337306.07	3195295466	0	6588106.937	55653211.35	391907644.3	0	454148962.6	E09000019
Islington	2012	1477010	324470018.6	998261315.8	2895870	1327104214	209340	943872535.1	884188851.5	663747732.2	29098260	1577244184	0	3376422894	0	6389305.216	59683683.57	405613000.1	388506.7199	472074495.6	E09000019
Islington	2013	1818910.793	320203507	1013229580	3158105.494	1338410104	113639.9848	899737157	835495725.9	664849723.6	30227478.14	1530686568	0	3321017109	0	7405099.682	64241431.06	380273906.4	0	451920437.2	E09000019
Islington	2015	1445911.552	320053352.5	857118581.8	3215844.44	1181833690	1448684.491	850100286.9	794583911.7	608561529.4	25564397.99	1442639661	12481137.11	3096685063	0	6588106.937	55516375.19	410107229.5	0	472211711.6	E09000019
Islington	2016	1377311.19	318778353.9	895839371.4	3241904.91	1219236941	886388.5753	805035502	749382290.5	681470824.1	25492042.08	1470661063	13429517.52	3169028210	0	6588106.937	55653211.5	416888887	0	479130205.4	E09000019
Islington	2010	1663090	327953112.7	1136298971	3605300	1469520474	337270	983797696.2	924114012.6	675860578.8	32878010	1633189871	0	3574784841	0	6389305.216	59683683.57	405613000.1	388506.7199	472074495.6	E09000019
Islington	2011	1535160	323487075	920311529.1	2860980	1248194744	325640	898320025.8	838636342.2	554199783.9	29226190	1422387956	0	3142657196	0	6389305.216	59683683.57	405613000.1	388506.7199	472074495.6	E09000019
Islington	2014	1364149.121	325578848.1	941318753.8	3192668.369	1271454419	47029.01395	837081633.2	782419120.9	645308732.1	32725614.67	1471605672	11105175.21	3216172944	0	6588106.937	54662512.3	411862233.6	0	473112852.8	E09000019
Kensington and Chelsea	2011	1674720	384307897.4	894692263.3	9176070	1289850951	197710	1271674978	1224443307	869796706.6	10408850	2104846574	0	3938724345	7034244.677	17218157.55	47231671.45	472522001.3	20745.97329	544026820.9	E09000020
Kensington and Chelsea	2012	1604940	385529747.5	966030267.4	9280740	1362445695	127930	1116614148	1069382476	1176647803	9094660	2255252869	0	4161725385	7034244.677	17218157.55	47231671.45	472522001.3	20745.97329	544026820.9	E09000020
Kensington and Chelsea	2010	1802650	386487089.4	1092380456	11827710	1492497905	209340	1257667439	1210435767	1042712503	10408850	2263766460	0	4300291186	7034244.677	17218157.55	47231671.45	472522001.3	20745.97329	544026820.9	E09000020
Kensington and Chelsea	2015	1178609.538	375464073.3	829313799.1	8203796.68	1214160279	332284.5189	1163778439	1105576807	852779158.3	8597883.677	1977237007	9950873.349	3750093472	7731525.68	7832996.403	58201632.19	484871431.7	58601.0218	558696187	E09000020
Kensington and Chelsea	2013	1938067.17	380272853	991274986.7	9538795.908	1383024703	45743.62992	1049142024	991275051	996595765.1	6385120.067	1994301680	0	3903185741	7874836.916	16981429.14	57866973.04	442834829.2	301289.772	525859358.1	E09000020
Kensington and Chelsea	2014	1113209.03	382532447.2	920690098.6	8146531.761	1312482287	28217.40837	1281781900	1224776335	961002468.2	7157290.828	2201818168	8853856.113	4073857580	7713583.558	7832996.403	57005565.05	486946380.2	58601.0218	559557126.2	E09000020
Kensington and Chelsea	2016	1122991.507	371548607.4	867277172.8	8269023.27	1248217795	215514.7435	1079821492	1021428184	869898189.5	8627891.629	1910876771	10706991.42	3726000395	7731525.68	7832996.403	58393308.33	492889398	58601.0218	566905829.4	E09000020
Kensington and Chelsea	2017	1244025.474	370422147.6	898254819.5	8017863.032	1277938856	187800.2341	968513812.9	910120504.5	884043469.6	8990548.336	1813975796	10633473.73	3620869264	7777884.064	7832996.403	58393308.43	454891822.4	58601.0218	528954612.4	E09000020
Kingston upon Thames	2016	2940922.473	265807298.8	883196359.9	3340496.539	1155285078	1239771.06	332388860.3	315118210.7	232468176	32177779.02	609335294.5	28331357.72	2438676536	0	2084513.59	17270649.6	654560576.2	140424.7249	674056164.1	E09000021
Kingston upon Thames	2017	3260489.29	260841004.3	924495450	3343238.219	1191940182	1064855.318	352912523.1	335641873.5	246471042.6	32300214.06	643614810.9	28136825.38	2483289519	0	2084513.59	17270649.6	628238938.8	140424.7249	647734526.7	E09000021
Kingston upon Thames	2015	3086955.279	269725696	859602347.1	3308856.584	1135723855	2458398.698	336138341.8	318867692.2	234665654.3	28250758.3	610573126.4	26330622.8	2409705215	0	2084513.59	17270649.6	643912645.6	140424.7249	663408233.5	E09000021
Kingston upon Thames	2011	3268030	279532884	877146321.4	3326180	1163273415	139560	324125856.2	289396210.4	236072405	16619270	542227445.4	0	2416359434	0	2567568.147	34729645.79	673274170.7	287188.4526	710858573.1	E09000021
Kingston upon Thames	2013	3662065.083	273476412	992641685.5	3256624.927	1273036787	98649.09113	323768761	294129992.4	278874140.7	34015891.93	607118674.1	0	2550611003	0	2567568.148	29638768.58	638122282.1	126922.6556	670455541.4	E09000021
Kingston upon Thames	2014	2914163.787	273830837.7	836584619.5	3277864.412	1116607485	18811.60558	359797652.7	342527003.1	222375082.1	36710268.06	625059012.6	23427847.73	2407830278	0	2084513.59	17270649.6	646668191.7	140424.7249	666163779.6	E09000021
Kingston upon Thames	2010	3523890	283135206	1071543896	3523890	1361726882	139560	321258306.9	286528661.1	306152517.5	18875490	611696228.6	0	2684281683	0	2567568.147	34729645.79	673274170.7	287188.4526	710858573.1	E09000021
Kingston upon Thames	2012	3163360	279686802.6	969089163.9	3361070	1255300397	93040	315411306.1	280681660.3	266767723.5	17433370	564975793.9	0	2531134763	0	2567568.147	34729645.79	673274170.7	287188.4526	710858573.1	E09000021
Lambeth	2011	2733050	455486494.5	1400808214	5652180	1864679939	0	680593741.2	562659510.6	786616913.2	14537500	1363813924	0	4043517784	0	5396348.338	117934230.6	691474378.5	218963.7624	815023921.2	E09000022
Lambeth	2017	3735238.518	436272708	1438315642	6030116.747	1884353705	0	628572241.2	516793676.5	790187053.8	16321034	1356680065	33378300.46	4002460511	0	3470683.793	111778564.7	641560167.3	4617325.409	761426741.2	E09000022
Lambeth	2010	2954020	457812317	1709239088	6768660	2176774085	0	696702823.2	578768592.6	873123328.4	16037770	1467929691	0	4459727697	0	5396348.338	117934230.6	691474378.5	218963.7624	815023921.2	E09000022
Lambeth	2014	3323646.515	449639777.1	1295344714	6046408.515	1754354546	0	729483166.7	619505839	724220350.6	10072995.83	1381591295	27792109.81	3935536483	0	3470683.793	109977327.6	681525304.7	4617325.409	799590641.6	E09000022
Lambeth	2015	3527514.378	443314419.8	1330067738	6094286.837	1783003959	0	664676657.1	553146880.7	834551749.3	15291604.99	1434225864	31235629	4015468837	0	3470683.793	111529776.4	678621227.5	4617325.409	798239013.1	E09000022
Lambeth	2012	2640010	451864079.6	1523195936	5721960	1983421985	0	677499378.5	559565147.9	842289034.5	14153710	1416007892	0	4214453799	0	5396348.338	117934230.6	691474378.5	218963.7624	815023921.2	E09000022
Lambeth	2013	3022411.078	448256034	1551367579	6092823.604	2008738848	5210.770959	683844094	557048628.4	934141763.8	8793751.178	1499989354	0	4301496663	0	5396348.338	126795465.6	652908742	7667905.671	792768461.6	E09000022
Lambeth	2016	3359094.516	441768399.7	1369969616	6146346.343	1821243457	0	635633188.9	523854624	832406176.3	18213266.71	1408083138	33609071.29	4039036275	0	3470683.793	111778564.9	689843106.4	4617325.409	809709680.5	E09000022
Lewisham	2013	4164208.078	419516539	1467457703	4006448.818	1895144899	1234.134753	326914883	249794055.6	293916155.2	7994255.101	551705700.1	0	3144085743	36799.63346	8621934.465	77120827.38	611399163.8	56418.82344	697235144.2	E09000023
Lewisham	2014	5193101.417	422788873.3	1233460736	3990906.127	1665433617	0	344916539.9	295151239.1	248364565.5	9083762.921	596177276.7	43577709.13	2948479571	37951.52892	5095896.266	49765300.8	631967069.3	2459.092091	686868677	E09000023
Lewisham	2011	4105390	429490866.9	1326322901	3884420	1763803578	0	334317961.4	246620194.2	304163596.2	21236380	572020170.4	0	3095957934	34966.54091	8621934.465	87697767.18	655970395	7809122.23	760134185.4	E09000023
Lewisham	2012	3954200	426366278.4	1444329909	3930940	1878581327	0	339224713.9	251526946.7	291768997.7	20724660	564020604.4	0	3202736117	34966.54091	8621934.465	87697767.18	655970395	7809122.23	760134185.4	E09000023
Lewisham	2017	5838576.227	410527510.3	1379607465	4069074.374	1800042626	100192.8244	287795558.3	238030257.5	351479998.6	10934959.77	652882200.6	52336791.95	3112309195	36514.95786	5095896.266	49765300.8	604484197.8	2459.092091	659384369	E09000023
Lewisham	2015	5512610.983	417385629.3	1279765610	4028543.284	1706692394	205991.0646	315541448.4	265776147.6	362120142.5	10732941.03	687812330	48977107.7	3078685409	42862.25371	5095896.266	49765300.8	629274166.9	2459.092091	684180685.3	E09000023
Lewisham	2010	4431030	428658170.2	1627572567	4093760	2064755527	0	363817404	276119636.8	299273180.7	23271630	598664447.5	0	3423554160	34966.54091	8621934.465	87697767.18	655970395	7809122.23	760134185.4	E09000023
Lewisham	2016	5249192.798	415574895.9	1314136001	4067000.256	1739027090	115867.2389	281076678	231311377.2	350465474.7	10400673.79	644992030.9	52698637.97	3078605673	42862.25371	5095896.266	49765300.8	639680033.6	2459.092091	694586552	E09000023
London	2015	137147477.8	13034954206	38391331620	190453652.3	51753886956	55797479.82	26080692248	24082899189	19535674267	2252992279	47288087987	1360724772	132000000000	3808650669	303824913.4	1997793059	26495502638	78262309.33	32684033589	
London	2016	130626408.9	12918736708	39874522998	192158808.9	53116044924	32005378.87	25224790855	23222962644	19943416447	2290597838	46949457633	1460475326	133000000000	3808650669	303824913.4	2001828211	26933639948	78262309.33	33126206051	
London	2017	145059133.3	12791222867	41702310425	190053110.4	54828645536	27760936.06	25309631990	23307738493	20664735971	2312147370	47727192617	1414809847	134653000000	4052788694	303824913.4	2001893497	25660800572	78262309.33	32097569986	
London	2013	132325324.3	13101747371	44746985958	192927328.7	58173985982	36900778.47	27376270017	25025330901	22926243561	1874343740	50180143571	317324591.3	140000000000	3952256357	463367255.1	2350939116	25077745590	75270367.08	31919578686	
London	2014	129333241.6	13204376524	39960843414	188841549.9	53483394730	31662736.47	27753069527	25783701531	19795964149	2085321256	49237897774	1541248100	135000000000	3762088243	303824913.4	1969367996	26608886927	78262309.33	32722430389	
London	2012	119986710	13267190943	43875261390	188696750	57451135793	63988260	27722256574	25463452008	22735369225	1958794380	50479103703	257499830	141000000000	3501461784	453029773.4	2258804565	26547741345	76521062.4	32837558530	
London	2010	134245090	13468494449	49102739198	213003450	62918482187	69326430	28245425330	25986620765	25325845615	2198384010	53743834180	163657360	150000000000	3501461784	453029773.4	2258804565	26547741345	76521062.4	32837558530	
London	2011	124359590	13373950133	40115500464	186568460	53800378647	64883770		24312626544	20945213009	2010140830	47613810063	280945910	134000000000	3501461784	453029773.4	2258804565	26547741345	76521062.4	32837558530	
Merton	2010	2709790	329973288.7	1282241298	4547330	1619471707	127930	493651769.2	424020980.8	385110769.5	41937780	851197460.3	0	3102892184	0	4239244.163	69630788.33	558352984.8	0	632223017.3	E09000024
Merton	2011	2512080	326773358.7	1054288297	4256580	1387830316	127930	468713672.5	399082884.2	317495805.2	36448420	753155039.4	0	2773208373	0	4239244.163	69630788.33	558352984.8	0	632223017.3	E09000024
Merton	2012	2419040	324431998.5	1156147065	4303100	1487301203	116300	460803760.5	391172972.2	337702372.1	37541640	766533284.3	0	2886057505	0	4239244.163	69630788.33	558352984.8	0	632223017.3	E09000024
Merton	2016	4828641.903	316666765.5	1055967945	4380332.757	1381843685	1479745.406	466188081.2	413170416	302921750.8	29269247.97	796469094.2	49627933.99	2781333303	0	2691945.462	53017665.21	547310913.4	0	603020524.1	E09000024
Merton	2013	2369499.226	321578472	1184221085	4337343.479	1512506400	3659.601691	487981446	422127945.1	356287669.7	23769406.65	802188681	0	2921719973	0	4239244.163	65853500.92	536932147.3	0	607024892.4	E09000024
Merton	2014	4772542.673	324869036.6	995228108.5	4299263.58	1329168951	24903.47442	388316157.8	335740826.7	296769534.6	27076100.58	700649839.1	41038473.78	2625797775	0	2691945.462	52575331.15	540711708.4	0	595978985	E09000024
Merton	2015	5072451.146	320739657.5	1028182307	4339269.998	1358333685	2915982.646	463128784.5	409971001.7	307080495.1	30518768.62	796609502	46123254.07	2749200574	0	2691945.462	53157782.8	538407658.1	0	594257386.4	E09000024
Merton	2017	5381070.547	312979047.7	1110374064	4375533.395	1433109716	1271663.675	461821954.5	408438442	309904328	30928684.24	799830290.4	49287172.43	2805734407	0	2691945.462	53383512.48	516718942.6	0	572794400.5	E09000024
Newham	2013	4159103.258	376816709	1201066136	1873455.745	1583915404	120291.9304	1077182356	963320611.8	1134321374	112450871.1	2210213148	0	4769305846	148642041.3	13731356.05	113861744.2	691392212.7	7549939.562	975177293.9	E09000025
Newham	2015	5686920.739	378796080.3	1032034030	1865249.648	1418382281	929753.3801	1063124882	959017502	938446172	118435144.9	2067624725	50796153.14	4515791970	173144478.7	8962609.487	104107379.7	739379693.3	4190802.021	1029784963	E09000025
Newham	2016	5414808.901	378843626.9	1079100306	1882013.358	1465240755	243434.5718	1089210857	984416183.7	934964145.9	130666559	2104946227	54655903.74	4612885838	173144478.7	8962609.487	104794673.2	751606292.4	4190802.021	1042698856	E09000025
Newham	2017	6025414.185	378754411.3	1127838053	1862637.311	1514480516	212085.7429	1026579502	922505201.7	968403927	133016374.2	2078418207	54280618.5	4591637158	153000557.4	8962609.487	104074300.3	728510166.2	4190802.021	998738435.4	E09000025
Newham	2014	5355796	385780136.4	1126016170	1849366.571	1519001469	2241312.698	1082522810	981090835.4	963587778.9	118042064.9	2110158209	45196216.97	4639582343	153293500.4	8962609.487	101431974.7	742543779	4190802.021	1010422666	E09000025
Newham	2010	4372880	385722857.2	1337363282	1825910	1729284929	13374500	967192104.8	864198376.3	1445629777	116474450	2459831894	20154790	5202854847	138421905.5	12785578.81	102993728.5	758729214	807597.3651	1013738024	E09000025
Newham	2011	4047240	385938354.6	1101598941	1639830	1493224366	13327980	984748747	881755018.5	1301234317	105507360	2324003085	22178410	4830965475	138421905.5	12785578.81	102993728.5	758729214	807597.3651	1013738024	E09000025
Newham	2012	3919310	382958962.8	1179376880	1651460	1567906612	11920750	1082996614	980002885	1071038828	109496450	2172458913	0	4754103549	138421905.5	12785578.81	102993728.5	758729214	807597.3651	1013738024	E09000025
Redbridge	2017	5833223.228	396495785.5	1496260919	4719888.099	1903309816	638913.1907	264423170.9	219301627.1	246915071.3	34834087.62	553994363.2	52304664.08	3514995262	3286971.32	2661824.828	45121543.85	1006620743	0	1057691083	E09000026
Redbridge	2013	3968524.37	411382622	1591742236	4710744.27	2011804127	26941.37856	275170791	226376290.6	266401610.7	20757762.4	513562605.1	0	3536865762	3312290.74	4473031.19	48794500.39	954919207.4	0	1011499030	E09000026
Redbridge	2010	4244950	425733013.1	1742871997	4977640	2177827600	8478270	287709964	243258071.6	288628479.4	27935260	568300081	0	3825268763	3149004.496	4473031.19	44451892.42	1020249728	6817426.332	1079141083	E09000026
Redbridge	2011	3930940	422999910	1424780450	4582220	1856293520	8117740	280810427.6	236358535.2	228421218	24585820	497483313.2	0	3432917915	3149004.496	4473031.19	44451892.42	1020249728	6817426.332	1079141083	E09000026
Redbridge	2012	3803010	417786119.1	1562867998	4628740	1989085867	8989990	276436983.1	231985090.7	272551222	25481330	539007632.7	0	3607234582	3149004.496	4473031.19	44451892.42	1020249728	6817426.332	1079141083	E09000026
Redbridge	2014	5188134.635	415733310.5	1490587980	4651485.215	1916160911	9405.80279	328422935.1	284092159.4	241774470.8	23031493.19	592458487.4	43550958.18	3590834483	3414955.359	2661824.828	44330775.72	1031807529	0	1082215085	E09000026
Redbridge	2015	5507433.233	407571369.8	1361545899	4693811.16	1779318513	1475039.219	267478041.1	222465718.8	230621128.5	33176806.27	536685735	48947042.24	3394941613	3852368.905	2661824.828	45012322.31	1027410849	0	1078937365	E09000026
Redbridge	2016	5244240.991	401305518.9	1428750874	4737587.937	1840038222	743862.6359	252517625.8	207396081.8	229399535.5	34110885.86	524316653.8	52666287.97	3460391035	3852368.905	2661824.828	45121543.98	1044400421	0	1096036159	E09000026
Richmond upon Thames	2011	4268210	353691029.4	1183135501	6419760	1547514501	0	345670710.2	300562943	332467204.2	27574730	660604877.2	0	3081049399	162232288.4	1268050.612	45107767.22	664321914.8	0	872930021	E09000027
Richmond upon Thames	2015	3870168.623	344854970.2	1133189199	6363218.621	1488277557	0	338445274.5	315947001.5	304209906.3	27580196.68	680994910.6	33257806.21	3038682633	180904713.8	494840.7162	22498273.02	664579361.6	932977.0177	869410166.1	E09000027
Richmond upon Thames	2012	4117020	352156907.4	1306263283	6489540	1669026750	0	359665097.5	314557330.3	373131805.1	28784250	716473385.4	0	3258430157	162232288.4	1268050.612	45107767.22	664321914.8	0	872930021	E09000027
Richmond upon Thames	2013	4445788.258	347838156	1335237377	6487374.989	1694008696	5478.293309	353740575	318912661.3	417137371.3	19918105.69	755973616.6	0	3303722888	184145655.7	1268050.612	34827913.75	632504600.1	994355.2588	853740575.4	E09000027
Richmond upon Thames	2014	3652157.452	349048205.2	1126064410	6307256.81	1485072030	0	412314445.8	389902257	326733546.7	22468155.34	768695314.5	29591355.5	3125515598	180484898.3	494840.7162	22412188.77	667423348.3	932977.0177	871748253.1	E09000027
Richmond upon Thames	2010	4617110	355836853.5	1451805188	7152450	1819411601	0	378378332.9	333270565.6	408856946.8	31191660	773319172.5	0	3465660795	162232288.4	1268050.612	45107767.22	664321914.8	0	872930021	E09000027
Richmond upon Thames	2016	3686752.445	341501163.5	1182783976	6421607.603	1534393500	0	308745214.6	286233146.6	312086415.5	27197323.32	661301789.2	35784903.83	3076108917	180904713.8	494840.7162	22512068.01	675569029	932977.0177	880413628.6	E09000027
Richmond upon Thames	2017	4089757.396	338776934.9	1230090658	6378928.794	1579336279	0	313531762.3	291019693.8	314170688.5	28374309.23	669103884.6	35539193.02	3100392261	186052304.6	494840.7162	22512068.48	641959906.3	932977.0177	851952097.1	E09000027
Southwark	2016	2653681.411	446738848.5	1027292532	8478879.822	1485163942	620015.5309	1230992228	1162185085	989504640.2	32771120.68	2211646311	26565449.01	4456718813	5801457.434	2566699.221	68807142.61	674542570.4	8190690.621	759908560.3	E09000028
Southwark	2010	2326000	463545849.4	1283550483	7245490	1756667823	267490	1211529545	1132504927	1103666741	25051020	2261490178	0	4798023172	4695414.706	3630830.621	79024617.76	691175012.7	1339295.242	779865171	E09000028
Southwark	2011	2151550	462151514.2	1051686932	5942930	1521932926	255860	1130261137	1051236520	872298272	22829690	1946620342	0	4248418439	4695414.706	3630830.621	79024617.76	691175012.7	1339295.242	779865171	E09000028
Southwark	2017	2950962.435	445612191.3	1076545042	8275864.267	1533384060	532557.66	1209456920	1140649777	1041029542	34972796.63	2243567716	26383041.98	4493788989	4953327.839	2566699.221	68807142.75	632319353.3	8190690.621	716837213.8	E09000028
Southwark	2013	2688163.8	447946117	1156380492	7708036.232	1614722809	1260959.665	1182101390	1103433091	1085554953	17155218.33	2207404222	0	4567821164	4980874.512	3630830.621	78668298.81	649369861.2	9044267.686	745694132.8	E09000028
Southwark	2014	2625621.553	453195185.6	967500986.5	8346400.565	1431668194	1002199.645	1030571350	962462055.3	784472797.4	18995604.32	1788900234	21967577.43	3970981146	5136784.945	2566699.221	68109295.12	666409248	8190690.621	750412717.9	E09000028
Southwark	2015	2786751.531	446198049.2	997297441.3	8409230.249	1454691472	1234952.363	1250583312	1181872556	956430839.5	35283484.05	2199511253	24689420.97	4403041911	5801457.434	2566699.221	68710755.47	663569582.5	8190690.621	748839185.2	E09000028
Southwark	2012	2081770	457362058.7	1138898129	6012710	1604354668	197710	1200271579	1121246961	1035867496	22515680	2179827847	0	4564047687	4695414.706	3630830.621	79024617.76	691175012.7	1339295.242	779865171	E09000028
Sutton	2010	5966190	346665123.6	1252044740	5268390	1609944444	0	389077422.1	373653423.7	284377396.7	51520900	709551720.3	0	2791968886	178185.3652	43074.17714	15423998.4	447934387.9	8893076.027	472472721.8	E09000029
Sutton	2011	5524250	346451565.8	1025687490	4989270	1382652576	0	346088712.6	330664714.2	238662509.7	46543260	615870483.9	0	2470995782	178185.3652	43074.17714	15423998.4	447934387.9	8893076.027	472472721.8	E09000029
Sutton	2012	5338170	343384097.5	1133840393	5047420	1487610080	0	377514076.8	362090078.4	259320747.6	47008460	668419286	0	2628502088	178185.3652	43074.17714	15423998.4	447934387.9	8893076.027	472472721.8	E09000029
Sutton	2016	4206671.533	326179087.1	1031214935	5072738.566	1366673432	53878.68587	352615686.5	342459027.5	231357547.6	30834005.24	644801837.3	40097378.3	2487839240	178385.9636	0	10156659.04	466028925.4	0	476363970.4	E09000029
Sutton	2013	5703918.911	337183247	1157210997	4980356.307	1505078519	4805506.269	372303996	358234989.2	261993967.5	24004229.95	649038693	0	2598100327	178185.3652	43074.17714	14069006.78	429692848.5	0	443983114.8	E09000029
Sutton	2014	4170067.865	337958128.5	973279859.5	4977645.895	1320385702	3769570.946	351972311.2	341810748.2	201072458.1	27319646.47	607129863	33157439.28	2398265375	178483.1767	0	10161563.03	460409764.5	0	470749810.7	E09000029
Sutton	2015	4415000.346	333644267.3	1005701778	5024698.638	1348785744	83071.12972	365323761.3	355118336.6	234373299.7	31907274.57	658747719.6	37265737.63	2476365167	178385.9636	0	10205424.64	458447892.4	0	468831703	E09000029
Sutton	2017	4659965.352	322550520.1	1078963037	5076760.397	1411250283	46950.05851	357647101.5	347403007.9	267635009.6	32549508.14	687456532.4	39822056.64	2550643142	178385.9636	0	10244093.57	441513847.5	0	451936327	E09000029
Tower Hamlets	2013	2691460.475	399393652	790547635.2	4582294.67	1197215042	357084.4205	2416489027	2316150015	796878042.8	25572287.34	3152294608	13337178.94	5144705887	49604494.32	685893.9266	100339012.2	626475277	18091558.52	795196236	E09000030
Tower Hamlets	2015	1373062.958	407001741.3	668781604.5	4596589.229	1081752998	4558158.149	2262972672	2165183772	706128573.1	69964380.41	2995856790	50021906.21	4900105844	57779165.18	6945.587227	97788899.29	647762743.1	19158302.63	822496055.8	E09000030
Tower Hamlets	2016	1308757.742	413903188.7	697984788.3	4633991.358	1117830726	2406553.315	2228518956	2130057598	744144503.3	79172023.38	3010013701	54233022.94	4961724523	57779165.18	6945.587227	98461357.77	658474324.8	19158302.63	833880096	E09000030
Tower Hamlets	2017	1446290.458	417754153.2	724301127.6	4509962.628	1148011534	2073076.269	2162401194	2064631877	806126462.7	78133513.71	3004374332	53409402.85	4949412164	49186352.94	6945.587227	97769317.34	630905379.9	19158302.63	797026298.4	E09000030
Tower Hamlets	2014	1298901.967	410966617.9	718063876.5	4563236.659	1134892633	243077.5694	2529080112	2433937499	647353703.2	29191514.09	3155278566	44552772.31	5106173524	51159697.89	6945.587227	95142613.55	650534765.1	19158302.63	816002324.8	E09000030
Tower Hamlets	2010	2477190	402680875.1	875849283.3	5489360	1286496708	604760	2762359125	2675166394	771912125.4	33610700	3481293979	0	5542763604	2488.496545	685893.9266	87192730.72	686583392.5	508410.746	774972916.4	E09000030
Tower Hamlets	2011	2302740	401722501.9	718423696.4	4361250	1126810188	593130	2348965516	2261772785	707749377.5	29214560	3001411623	2081770	4903194728	2488.496545	685893.9266	87192730.72	686583392.5	508410.746	774972916.4	E09000030
Tower Hamlets	2012	2209700	409089413.8	772127771.8	4407770	1187834656	383790	2698511345	2611318614	767758340.2	28132970	3415583524	7989810	5378391096	2488.496545	685893.9266	87192730.72	686583392.5	508410.746	774972916.4	E09000030
Unapportioned	2015								-52551435	100538717.3		47987282.32		100538717.3			52551435			52551435	
Unapportioned	2016								-52551435	73236818		20685383		73236818			52551435			52551435	
Unapportioned	2017								-52551435	74802096		22250661		74802096			52551435			52551435	
Unapportioned	2012									167674596.1		167674596.1		167674596.1							
Unapportioned	2013								-52551435	173688784.4		121137349.4		173688784.4			52551435			52551435	
Unapportioned	2010									366544231.8		366544231.8		366544231.8							
Unapportioned	2011									126225888.3		126225888.3		126225888.3							
Unapportioned	2014								-52551435	106061964.7		53510529.69		106061964.7			52551435			52551435	
Waltham Forest	2010	5047420	369237605.3	1457509255	3023800	1834818080	942030	387154325.3	356264401.9	365166637.6	54126020	776499089.5	0	3383505383	3054710.476	13220466.94	30889923.37	707080859.3	17942253.55	772188213.7	E09000031
Waltham Forest	2011	4675260	369844160.9	1195676145	2744680	1572940245	814100	365329859.1	334439935.7	281813904.1	47322470	664390409.8	0	3009518869	3054710.476	13220466.94	30889923.37	707080859.3	17942253.55	772188213.7	E09000031
Waltham Forest	2012	4524070	364466206.8	1307808865	2779570	1679578712	697800	356332573.6	325442650.2	347769792.1	47171280	721081522.3	0	3172848447	3054710.476	13220466.94	30889923.37	707080859.3	17942253.55	772188213.7	E09000031
Waltham Forest	2013	4531901.134	359287333	1332001975	2923340.18	1698744549	17541.86675	342513563	308613858.6	338094580.9	28385067.22	675111048.6	0	3081433727	2295730.979	16601966.48	33899704.39	654780727.7	0	707578129.5	E09000031
Waltham Forest	2014	5623596.432	362124944.6	1248663649	2899899.776	1619312089	0	410147451.3	378979378.6	307402368.8	31789200.15	765304366.2	47133418.7	3151794858	2367591.535	7604313.591	31168072.72	726038424.3	0	767178402.1	E09000031
Waltham Forest	2015	5969232.692	356381691.8	1140312231	2925637.194	1505588793	205991.0646	344504883.2	312856832.7	274756390.8	36211117.93	677003711.9	52973379.51	2947463484	2673945.212	7604313.591	31648050.52	722944670.3	0	764870979.6	E09000031
Waltham Forest	2016	5684076.667	351165964.4	1192355943	2952488.067	1552158472	115867.2389	336484503.5	304759534.4	280132123.1	36228203.02	678234294.6	56998566.87	3007295487	2673945.212	7604313.591	31724969.12	734899492.6	0	776902720.5	E09000031
Waltham Forest	2017	6321700.456	345852778	1241710101	2932966.678	1596817546	100192.8244	332661082.9	300936113.3	290025786.5	37484877.06	685154165.9	56607196.15	3016767534	2277971.602	7604313.591	31724969.56	693188567	0	734795821.7	E09000031
Wandsworth	2010	2209700	513557689.9	1850835184	6163900	2372766474	0	497757320.4	335249549.7	749576375.3	27946890	1112772815	0	4425063605	49713692.11	9610634.462	162507770.7	717626679.5	65539.03223	939524315.8	E09000032
Wandsworth	2011	2046880	508514610.2	1516875423	5210240	2032647153	0	475113407	312605636.3	607649563.4	24283440	944538639.7	0	3916710109	49713692.11	9610634.462	162507770.7	717626679.5	65539.03223	939524315.8	E09000032
Wandsworth	2012	1977100	509625984.9	1667157485	5268390	2184028960	0	483590418.3	321082647.6	638515143	23818240	983416030.6	0	4106969306	49713692.11	9610634.462	162507770.7	717626679.5	65539.03223	939524315.8	E09000032
Wandsworth	2013	2273959.325	501413944	1698499282	5606598.216	2207793783	3289.300013	466582670	317041047.2	693726091.7	17259403.74	1028029832	0	4122397028	55612370.03	9610634.462	149541622.8	671118435.5	690350.1619	886573413	E09000032
Wandsworth	2014	4029238.442	506578437.1	1425210422	5588893.464	1941406991	0	550536359.3	454192506	560544056.2	18841987.09	1068248875	34670325.26	3865238032	54499266.56	5270321.936	96343853.31	699212916.3	255808.4733	855582166.6	E09000032
Wandsworth	2015	4282585.876	501150911.6	1456636778	5633768.101	1967704044	83071.12972	481109221.2	384284260.8	590160578.6	23477234.47	1036971219	38966074.36	3857882966	54623142.31	5270321.936	96824960.44	696233469.6	255808.4733	853207702.8	E09000032
Wandsworth	2016	4076708.141	499399338.1	1501652071	5682308.532	2010810425	53878.68587	481456190.9	384554130.8	686032831.5	21814299.14	1134382055	41926915.29	4009990393	54623142.31	5270321.936	96902060.07	707746579.8	255808.4733	864797912.6	E09000032
Wandsworth	2017	4543353.298	498066955.2	1581095200	5582956.579	2089288465	46950.05851	507934658	411032597.5	623790111.3	23013500.74	1099522191	41639031.43	4015390359	56611347.88	5270321.936	96902060.47	667540163.9	255808.4733	826579702.7	E09000032
Westminster	2010	2663270	510813891.1	1206208469	17130990	1736816620	151190	3553060528	3429650447	3089624253	65674610	6585100500	0	9503849586	0	14808760.65	123410080.4	1042995884	717740.5696	1181932466	E09000033
Westminster	2011	2465560	500814092.6	989888108.2	13281460	1506449221	127930	3403036408	3279626328	2557709664	56696250	5894160172	0	8582541858	0	14808760.65	123410080.4	1042995884	717740.5696	1181932466	E09000033
Westminster	2012	2384150	502594958.1	1069120327	13444280	1587543715	116300	3489921154	3366511074	2855585958	51148740	6273362072	0	9042838253	0	14808760.65	123410080.4	1042995884	717740.5696	1181932466	E09000033
Westminster	2013	3117849.517	493085860	1093597463	13978996.09	1603780169	3020694.816	3456792417	3301446824	2957092572	201267036.1	6462827127	0	9246610686	0	14806153.89	155345592.8	1005211867	4639777.141	1180003390	E09000033
Westminster	2014	1183327.971	496298778.4	973293811.9	11896700.09	1482672618	1979495.817	3492194920	3338592793	2221992338	211955435.3	5783505865	8985803.511	8493772263	0	10763868.29	153602126.8	1056463687	6764097.782	1227593780	E09000033
Westminster	2015	1250149.451	487917761.4	920720988.4	11980322.25	1421869221	26394750.68	3272543559	3115810983	2380836045	178156859	5711297808	10099169.39	8359389514	0	10763868.29	156732575.2	1051961943	6764097.782	1226222485	E09000033
Westminster	2016	1191769.526	488504966.1	957341367.9	12075572.45	1459113676	16388482.94	3154794675	2997560428	2493718775	190960455.9	5709494698	10866555.76	8412728076	0	10763868.29	157234246.6	1069357489	6764097.782	1244119702	E09000033
Westminster	2017	1315792.489	491269563.6	990810542.6	11708740.48	1495104639	14249248.44	3141506169	2984271922	2682985252	189234078	5881532443	10791942.45	8519841179	0	10763868.29	157234246.5	968441884.2	6764097.782	1143204097	E09000033
