borough	leggi_year	domestic_coal	domestic_electricity	domestic_gas	domestic_oil	domestic_total	industrial_and_commercial_coal	industrial_and_commercial_electricity_w_o_rail	industrial_and_commercial_gas	industrial_and_commercial_oil	industrial_and_commercial_total	industrial_and_commercial_waste_and_renewables	total_total	transport_aviation	transport_railways_diesel	transport_railways_electric	transport_road_transport	transport_shipping	transport_total	gss
Barking and Dagenham	2016	1.638055575	82.08918024	135.7426749	0.703744705	220.1736554	0.058430573	113.167804	40.40169336	29.16333465	175.8500668	6.907071647	553.4554877	0	1.611013283	13.84826734	137.2718814	4.700603381	157.4317654	E09000002
Barking and Dagenham	2017	1.931094284	72.53736757	144.8622418	0.654757225	219.9854609	0.054220156	108.1861848	41.29043843	29.07633239	172.9664158	6.859645443	561.3771768	0	1.585079582	12.50040545	149.6565407	4.683274358	168.4253001	E09000002
Barking and Dagenham	2015	1.811288974	103.5894041	128.7642198	0.695414825	234.8603277	0.239356206	133.037711	42.85790049	39.2032441	221.7575123	6.419300479	612.8021472	0	1.705768264	17.29905141	130.6904308	6.48905669	156.1843072	E09000002
Barking and Dagenham	2011	1.681572978	138.596063	136.986029	0.684907912	277.948573	3.196673902	187.4094936	42.62172663	42.57678128	275.8046755	0	716.4796918	0	3.147010376	25.27152026	134.0141344	0.293778308	162.7264433	E09000002
Barking and Dagenham	2013	1.797591426	135.1094878	150.1203527	0.677877886	287.7053099	4.554095168	185.8880687	42.13354256	31.04708644	266.8007617	3.177968833	720.2595671	0	3.475433097	25.69612528	136.2881588	0.293778308	165.7534955	E09000002
Barking and Dagenham	2014	1.703833367	122.6202762	140.2085504	0.689921138	265.2225811	4.12177011	121.1313595	42.28886457	40.04950516	217.4513627	9.859863359	644.0883482	0	1.705768264	19.99538776	133.3444967	6.368751648	161.4144044	E09000002
Barking and Dagenham	2010	1.816098816	149.5826148	167.8915773	0.713984192	320.0042751	3.203446517	222.1775638	44.9767287	46.40485416	316.7625932	0	799.4933117	0	3.147010376	25.27152026	134.0141344	0.293778308	162.7264433	E09000002
Barking and Dagenham	2012	1.622223343	136.5475913	148.8970814	0.691369308	287.7582653	3.136387239	193.1685202	42.85286224	40.07465051	279.2324202	0	729.7171289	0	3.147010376	25.27152026	134.0141344	0.293778308	162.7264433	E09000002
Barnet	2011	1.313605244	316.4611381	399.0219232	2.355178623	719.1518452	0.853349389	228.2875795	96.77280764	9.655978461	335.569715	0	1477.064889	0.22499158	6.499300709	41.39932148	374.2197153	0	422.3433291	E09000003
Barnet	2017	1.845297896	171.5542868	415.4746032	2.186340236	591.0605282	0.638064684	137.0056741	103.0346999	15.75706566	240.6903776	6.632984844	1250.835756	0.222724789	5.036251157	22.37811153	391.4477632	0	419.0848507	E09000003
Barnet	2010	1.420434586	341.5083457	485.657769	2.507021415	831.0935707	0.78223694	253.3829438	119.8080646	10.97256098	384.9458063	0	1638.382706	0.22499158	6.499300709	41.39932148	374.2197153	0	422.3433291	E09000003
Barnet	2014	1.625642412	284.447901	416.3930652	2.308923421	704.775532	0.045003936	253.3227933	105.4421964	10.98093579	375.3138183	5.52288884	1515.496044	0.226836457	5.419713617	35.63287682	394.1272664	0	435.4066932	E09000003
Barnet	2015	1.729313856	242.089762	381.096035	2.326951386	627.2420623	1.36986356	168.5205918	98.91499379	14.15601237	289.1686515	6.207190028	1334.648772	0.226900298	5.419713617	30.94937874	381.6420656	0	418.2380582	E09000003
Barnet	2012	1.270082178	317.2644494	437.9875678	2.381024205	758.9031236	0.999105853	223.6853607	106.7064076	9.896207974	341.2870821	0	1522.533535	0.22499158	6.499300709	41.39932148	374.2197153	0	422.3433291	E09000003
Barnet	2013	1.512736832	316.543736	445.7369589	2.275396727	766.0688285	0.07319051	219.1744604	109.8382054	9.990452343	339.0763086	0	1529.647306	0.22734169	7.298304538	43.79374853	373.1827747	0	424.5021694	E09000003
Barnet	2016	1.563673217	191.5801075	397.8717253	2.354584598	593.3700907	0.699460768	151.0108074	96.61622238	15.9717737	246.1860666	6.678843962	1264.96225	0.220187498	5.489783514	24.79104159	394.9050804	0	425.406093	E09000003
Bexley	2013	1.381288653	193.6438903	253.4095907	1.580261696	450.0150314	0.18290637	184.6417551	146.4581866	36.42759011	371.7251752	4.014736989	1029.746778	7.998026899	1.269901041	14.74351397	183.45089	0.544239365	208.0065713	E09000004
Bexley	2014	1.996791137	176.042107	211.7634452	1.611104936	391.4134483	0.06940581	212.6053675	126.9549096	38.08257538	388.702698	10.99043969	996.2038311	8.230594259	0.881898399	9.302661613	193.1111904	4.561340067	216.0876848	E09000004
Bexley	2011	1.159296194	195.2370068	227.4229944	1.608887455	425.4281849	0.877053539	170.5569393	136.32484	32.16579578	343.4495045	3.524875971	977.6154975	7.579761456	1.149897478	18.00746379	181.4564459	0.544239365	208.737808	E09000004
Bexley	2012	1.119729771	194.4181903	251.51675	1.625040943	448.679711	0.947869656	182.2544807	142.4013907	26.9930616	356.1216786	3.524875971	1013.539198	7.579761456	1.149897478	18.00746379	181.4564459	0.544239365	208.737808	E09000004
Bexley	2017	2.270269251	103.10438	236.435353	1.529736181	343.3397384	0.194221124	109.4815631	136.5859019	27.82425338	280.7302655	12.38550835	831.6900351	7.910570611	0.819501204	5.741182376	190.7408223	2.407954716	207.6200312	E09000004
Bexley	2015	2.125623878	148.5410055	219.5026159	1.623988211	371.7932335	0.323399248	148.5278361	124.8441596	24.81818425	310.5515914	12.03801219	890.9833765	9.283398489	0.881898399	7.95918767	185.822843	4.691223898	208.6385515	E09000004
Bexley	2010	1.250298967	211.0928616	280.7204517	1.673501409	494.7371137	1.036209973	194.0296359	150.131376	33.5603749	382.2824728	3.524875971	1085.757394	7.579761456	1.149897478	18.00746379	181.4564459	0.544239365	208.737808	E09000004
Bexley	2016	1.921701436	116.5314236	224.7924343	1.643477292	344.8890366	0.210010497	117.8066818	127.9017658	28.17824356	280.1791039	12.44263019	834.5505414	8.218379719	0.788039351	6.360228005	191.6789406	2.436813201	209.4824009	E09000004
Brent	2017	1.332322336	117.7367344	290.9512722	1.301404611	411.3217335	0	209.4851073	97.3538947	23.7192042	307.6008931	4.838983048	970.3545448	0.308673711	8.315634932	27.79629618	215.0113134	0	251.4319182	E09000005
Brent	2012	0.728022183	217.3212732	307.3835519	1.37627722	526.8091245	0	341.7701495	104.3902016	22.97467702	469.1350281	0	1274.811453	0.322564002	8.774775882	69.09936524	200.670595	0	278.8673001	E09000005
Brent	2013	0.889346264	215.5688854	314.3361043	1.3603112	532.1546472	0.009632687	351.9443144	112.9502526	18.33814332	483.242343	0	1283.038404	0.337662503	9.992877076	58.47252164	198.8383529	0	267.6414141	E09000005
Brent	2015	1.247621357	165.2927441	269.0018325	1.392563372	436.9347613	0	185.53835	100.3288862	23.23838194	313.6339697	4.528351568	1003.269262	0.334908569	8.948791168	38.42999244	204.9868393	0	252.7005315	E09000005
Brent	2016	1.127960938	131.8086633	280.1226817	1.408732423	414.4680383	0	191.6744443	98.77778616	23.53855264	288.0697775	4.8724388	954.8417968	0.303491981	9.247727478	30.79344448	211.934302	0.025015052	252.303981	E09000005
Brent	2010	0.819024956	234.3313957	345.9001263	1.48935164	582.5398986	0	266.0162088	105.2131771	27.89470224	399.1240882	0	1260.531287	0.322564002	8.774775882	69.09936524	200.670595	0	278.8673001	E09000005
Brent	2011	0.755718679	215.6259212	282.7408295	1.360123732	500.4825931	0	221.8571971	92.08287834	22.57221459	336.5122901	0	1115.862183	0.322564002	8.774775882	69.09936524	200.670595	0	278.8673001	E09000005
Brent	2014	1.172137061	195.7309013	293.0823903	1.382319103	491.3677478	0	369.5158178	106.32531	20.75187958	500.6221386	4.029131093	1255.74889	0.334508414	8.948791168	44.1516092	210.3240952	0	263.759004	E09000005
Bromley	2011	2.480814722	286.9283121	370.5594889	3.828376775	663.7969925	0.12867967	170.9577322	69.51200085	22.05743707	262.7236049	0.067755053	1225.903921	1.41119564	1.265565585	49.72888857	246.9776735	0	299.3833233	E09000006
Bromley	2012	2.389811949	286.2841545	410.6011965	3.870375845	703.1455388	0.153708593	174.4950028	78.69407763	21.57385818	274.9892419	0.0725947	1277.518104	1.41119564	1.265565585	49.72888857	246.9776735	0	299.3833233	E09000006
Bromley	2010	2.662820268	307.7834642	454.0329057	4.303289336	768.7824795	0.15238382	191.767109	84.21665767	23.13690994	299.3327494	0.059688975	1367.498552	1.41119564	1.265565585	49.72888857	246.9776735	0	299.3833233	E09000006
Bromley	2015	2.303028706	217.8025871	364.0300726	3.738963761	587.8746522	0.002151616	146.92061	72.30427122	20.19583334	247.138447	7.715580878	1107.767738	1.410701574	0.763558901	18.93378502	251.6465933	0	272.7546388	E09000006
Bromley	2013	2.827557224	286.0071325	417.2183861	3.698877025	709.7519529	0.022287374	178.6829984	83.07316237	18.16277492	280.0414974	0.100274354	1283.749629	1.410718042	1.397640299	41.44415108	249.7036694	0	293.9561789	E09000006
Bromley	2014	2.172544287	257.0013425	349.1871737	3.712221227	612.0732816	0.01025181	186.7696335	68.12116691	19.56462102	281.3311784	6.865505173	1173.722799	1.410701574	0.763558901	22.08224759	256.0618306	0	280.3183386	E09000006
Bromley	2016	2.0841736	170.3604755	370.9206774	3.781861316	547.1471878	0.00219282	126.6762055	70.81110475	21.8326873	212.5300412	8.301850037	1031.357846	1.396872157	0.700289896	15.09399924	254.4894559	0	271.6806171	E09000006
Bromley	2017	2.446244499	151.7814693	389.6248238	3.484387306	547.3369249	0.002325436	111.1238775	71.5016266	21.90189591	199.0912797	8.24484683	1021.4132520000001	1.41078323	0.709534612	13.68329258	259.1814371	0	274.9850475	E09000006
Camden	2016	0.382820118	107.6615273	174.1833825	2.667381698	284.8951117	0.060405365	404.1666068	270.4066246	18.88085142	662.2839246	1.527386439	1139.184446	0	6.986121853	32.75795005	152.2420421	0.019295474	192.0054094	E09000007
Camden	2017	0.449380675	96.64989102	181.3373134	2.40422683	280.840812	0.055063136	371.0526546	265.7286503	18.06984135	626.8535135	1.516898906	1100.088512	0	6.510956843	29.5695948	156.3136354	0	192.394187	E09000007
Camden	2015	0.423027358	135.4476691	167.523291	2.640035239	306.0340227	0.119633062	480.1379853	244.8955012	16.99344168	743.5660851	1.419523787	1252.737245	0	7.006704066	40.8863963	155.2440371	0	203.1371375	E09000007
Camden	2011	0.648889337	178.3783935	178.2780525	2.613634439	359.9189698	0	626.4951722	258.4806202	11.76500639	896.7407989	0	1484.487802	0	8.427626564	61.18219248	158.2182146	0	227.8280337	E09000007
Camden	2013	0.801177873	179.2022143	197.6112704	2.685625675	380.3002882	0.021234039	639.493564	301.6757508	11.73424758	952.9247964	0	1557.823334	0	9.534538662	61.28684538	153.776865	0	224.598249	E09000007
Camden	2014	0.399027898	161.8452665	183.7344877	2.625507197	348.6042893	0	598.9982503	248.2504535	11.00887783	859.5206124	1.263030783	1420.426571	0	7.006704066	47.00821917	158.2867461	0	212.3016693	E09000007
Camden	2010	0.700325687	192.5183383	217.7138685	3.347002817	414.2795353	0.006772614	704.2380585	291.7871459	12.35466065	1008.386638	0	1650.494207	0	8.427626564	61.18219248	158.2182146	0	227.8280337	E09000007
Camden	2012	0.621192841	178.8735505	193.8239955	2.645941416	375.9646803	0	645.389614	286.3723597	10.2643519	942.0263256	0	1545.81904	0	8.427626564	61.18219248	158.2182146	0	227.8280337	E09000007
City of London	2011	0	12.54587416	5.960543788	0.109843722	18.61626166	0.020317843	1139.67172	140.8008695	3.266497399	1283.759405	0	1373.561645	1.174656676	0.010794913	19.12360534	48.42569621	2.451225323	71.18597846	E09000001
City of London	2017	0.001729696	7.817879152	5.215569676	0.087120868	13.12229939	0.018354379	562.6960252	155.0161289	13.98266436	718.9446753	0.006607126	806.5705509	1.2266512999999999	0	12.77510462	54.89819447	5.603625787	74.50357618	E09000001
City of London	2010	0	13.85617527	7.220146358	0.138920001	21.21524163	0.020317843	1374.345398	175.7737722	3.581603642	1553.721091	0	1646.122311	1.174656676	0.010794913	19.12360534	48.42569621	2.451225323	71.18597846	E09000001
City of London	2014	0.001511507	12.54629546	5.511700859	0.095328343	18.15483616	0	912.0751967	123.8411572	9.515205563	1045.437057	0.005497811	1140.8859	1.277338555	0	20.20680939	53.77687113	2.032987018	77.29400609	E09000001
City of London	2015	0.001613569	10.73821748	5.30780382	0.095843211	16.14347808	0.039877687	839.7422239	149.9605512	12.62911358	1002.377945	0.006179005	1091.724898	1.443405498	0	17.66629608	52.06075125	2.033021748	73.20347457	E09000001
City of London	2012	0	13.16890868	6.218773127	0.109843722	19.49752553	0.014638914	1192.370394	151.0238379	3.179141212	1346.588012	0	1437.271516	1.174656676	0.010794913	19.12360534	48.42569621	2.451225323	71.18597846	E09000001
City of London	2013	0	13.42140546	6.421369154	0.108252246	19.95102686	0.023028284	1184.064963	150.365039	8.993438344	1343.446469	0	1438.388047	1.240653664	0.011921472	22.79947102	48.54743253	2.391073103	74.99055179	E09000001
City of London	2016	0.001457793	8.210759731	5.496132343	0.096827505	13.80517737	0.020135122	660.3303471	142.2450823	14.63482008	803.0641484	0.006648518	890.7444457	1.275402669	0	14.17288477	52.81785311	5.608979334	73.87511989	E09000001
Croydon	2013	2.819004963	304.5616516	414.6828237	2.335464259	724.3989446	0.196436464	284.907168	89.8355736	7.371442868	382.3600724	0.049451499	1393.945783	0.282968317	1.994960574	54.10208155	230.8067557	0	287.1867662	E09000008
Croydon	2014	2.712689065	273.9553018	349.2545966	2.365139845	628.2877273	0.211959009	248.681213	71.06186954	8.519219534	337.5058992	9.031638068	1234.824574	0.282965013	1.359427194	26.89482152	240.4937337	0	269.0309474	E09000008
Croydon	2011	2.377942022	303.6426507	371.5721207	2.400408391	679.9931218	0.325085482	276.0364413	81.4957841	11.27830764	369.16143	0.025811449	1343.113606	0.283064115	1.806440076	63.00986409	227.7015204	1.158165432	293.9590541	E09000008
Croydon	2012	2.290895892	304.6556659	407.7141716	2.42948467	717.0902181	0.351333926	285.6431199	90.05186405	11.65581116	387.7295537	0.027424664	1398.778826	0.283064115	1.806440076	63.00986409	227.7015204	1.158165432	293.9590541	E09000008
Croydon	2017	3.071673265	160.5550312	390.8342375	2.240215798	556.7011578	0.073089633	176.7248211	85.72637207	10.08979973	266.5620057	10.83801006	1071.059172	0.282981392	1.263243275	16.89008683	229.3596974	0	247.7960089	E09000008
Croydon	2015	2.882616463	231.8008337	363.5299389	2.383653689	600.5970427	0.141070958	222.1856197	76.44287839	9.988858899	318.9007635	10.14233554	1179.741381	0.282965013	1.359427194	23.22572455	235.3754577	0	260.2435745	E09000008
Croydon	2010	2.559947568	322.6542002	452.6313607	2.549020485	780.3945289	0.348789631	315.5878641	100.2911986	12.80392104	429.0543583	0.022585018	1503.407941	0.283064115	1.806440076	63.00986409	227.7015204	1.158165432	293.9590541	E09000008
Croydon	2016	2.607169121	181.7146067	371.3681064	2.411991737	558.101874	0.085421657	183.0600033	82.13049996	9.923598139	267.7448841	10.9141344	1081.11541	0.280191045	1.297539664	18.36877333	235.3221482	0	255.2686523	E09000008
Ealing	2017	2.08452526	130.1446729	318.2540336	1.640010185	452.1232419	0.197548441	245.8908579	136.114158	27.84570841	400.0014225	7.25346252	1161.306291	0.14793968	13.43130483	17.30031275	278.3020692	0	309.1816265	E09000009
Ealing	2012	1.998104362	245.3070994	337.4995954	1.767191642	586.5719908	0.289118544	428.366548	144.2761557	29.83213766	602.7639599	0	1519.486664	0.16597503	21.75708299	31.04554975	277.1821057	0	330.1507135	E09000009
Ealing	2013	2.46306103	244.6042669	343.6200608	1.722336837	592.4097256	0.507292038	446.2138344	149.2696563	20.4632983	616.4540811	0	1543.067314	0.185746162	23.75448167	32.86985615	277.3934238	0	334.2035078	E09000009
Ealing	2015	1.958107848	185.1898847	290.9187085	1.757033642	479.8237347	0.287353204	312.1193147	131.1661547	26.97331944	477.3339791	6.787837042	1274.390983	0.182158636	14.45397051	23.91242939	278.6847111	0	317.2332697	E09000009
Ealing	2016	1.771311518	145.9909336	303.9357102	1.777329235	453.4752846	0.193671444	257.7592659	126.2040713	27.25250606	399.5473993	7.303611496	1171.471887	0.1436934	13.78264115	19.16572685	285.2744735	0.082668107	318.449203	E09000009
Ealing	2010	2.239459542	264.0626191	378.5123388	1.935187922	646.7496054	0.409743159	419.4469514	151.9313896	35.86907411	607.6571582	0	1584.557477	0.16597503	21.75708299	31.04554975	277.1821057	0	330.1507135	E09000009
Ealing	2011	2.073280565	244.2106886	308.5232019	1.747807456	556.5549785	0.399584238	401.2798539	134.0033177	29.48583277	565.1685886	0	1451.874281	0.16597503	21.75708299	31.04554975	277.1821057	0	330.1507135	E09000009
Ealing	2014	1.844031022	219.6777482	319.769293	1.744264016	543.0353362	0.035314846	374.0564823	143.2239382	23.64951801	547.0047768	6.039523405	1420.341591	0.181636926	14.45397051	27.42685301	288.2390176	0	330.301478	E09000009
Enfield	2011	2.0218442149999998	254.9200347	284.9098171	1.696116293	543.5478122	0.101589213	216.4083075	106.8560982	25.58912289	352.0637841	3.10866636	1286.206928	0.300234181	0.846621183	27.02064528	362.4278309	0	390.5953315	E09000010
Enfield	2012	1.954581296	254.8422452	313.6487808	1.712269781	572.1578771	0.106132124	240.1894257	99.87561779	25.21161937	368.4914613	3.10866636	1331.24467	0.300234181	0.846621183	27.02064528	362.4278309	0	390.5953315	E09000010
Enfield	2010	2.18406655	276.4277401	350.5517915	1.857651178	631.0212493	0.098202906	258.901975	115.0410266	28.97105525	409.4925466	6.480286854	1431.109127	0.300234181	0.846621183	27.02064528	362.4278309	0	390.5953315	E09000010
Enfield	2015	2.343505894	192.8170099	271.2815751	1.701017541	468.1431084	0.216371454	190.5666697	93.018277	24.46799898	316.6507225	8.381405431	1160.229755	0.359847059	0.614198215	16.66747175	357.7944065	0	375.4359236	E09000010
Enfield	2013	2.103416383	253.2735232	317.9478389	1.659567899	574.9843464	0.254293285	250.6825165	109.5112928	21.10487083	384.9919236	3.438950062	1352.786153	0.314082198	0.978141742	25.19017288	366.3274863	0	392.8098831	E09000010
Enfield	2014	2.20343178	228.1471744	295.741489	1.688451276	527.7805465	0.188043279	242.7066828	101.0917858	22.21599574	380.5944608	14.39195319	1294.602994	0.322362335	0.614198215	19.3191076	365.9723183	0	386.2279864	E09000010
Enfield	2016	2.119131271	152.0634787	283.1049045	1.720803791	439.0083183	0.127816844	160.1997563	92.53411029	24.1591288	272.7022936	9.018267333	1090.335572	0.322313899	0.567087	13.33678597	364.3027918	0.095981891	378.6249606	E09000010
Enfield	2017	2.500063558	135.059424	298.510094	1.590347743	437.6599293	0.117679041	146.8555238	97.80771668	20.14280069	261.8413584	8.956344971	1069.24063	0.311617772	0.570741683	12.03870679	356.8182764	0	369.7393426	E09000010
Greenwich	2016	1.581802629	115.1304091	205.6522053	1.289544867	323.6539618	0.020388483	135.8727949	85.97314795	20.48364441	239.1591301	6.781560734	805.565046	6.604601944	0.559610897	9.972406384	221.6874389	3.927896012	242.7519541	E09000011
Greenwich	2017	1.86725266	103.1364599	217.6360217	1.194156532	323.8338909	0.01862327	124.8298229	85.52984493	20.02283194	228.1995039	6.734996328	784.8500227	6.3521457	0.581952923	8.936615424	213.0594698	3.886444037	232.8166279	E09000011
Greenwich	2015	1.749444702	144.9952917	200.4601545	1.274587885	348.4794788	0.051076045	160.6264336	78.00041782	18.674996	263.6555765	6.302653033	851.438189	7.472085954	0.626263084	12.40823289	214.3205107	4.476041121	239.3031338	E09000011
Greenwich	2011	1.246342325	189.1793777	210.4664329	1.198588847	402.0907418	1.083618272	163.6028313	180.9482697	9.871249063	355.5059683	0	992.8623988	6.078590646	0.663979018	19.3469172	208.8521412	0.324060648	235.2656887	E09000011
Greenwich	2013	1.410468897	187.45276140000001	231.5977654	1.226716401	421.6877121	0.087692243	202.889602	85.36286454	9.92408396	298.2642428	0	954.5518934	6.422499312	0.733272019	18.07053429	206.9504959	2.423136979	234.5999385	E09000011
Greenwich	2014	1.644247094	171.3436694	194.036943	1.264978086	368.2898376	0.099233	207.0806638	172.4846501	11.18480775	396.4571823	5.607827688	1011.796637	6.612406206	0.626263084	14.21964498	221.3550021	4.236300108	247.0496165	E09000011
Greenwich	2010	1.349215024	203.8873387	258.6715569	1.282586987	465.1906976	1.029437358	199.7315834	220.5790748	11.08799595	432.4280916	0	1132.884478	6.078590646	0.663979018	19.3469172	208.8521412	0.324060648	235.2656887	E09000011
Greenwich	2012	1.206775902	188.2678385	230.1545026	1.211511638	420.8406287	1.196731187	188.2633353	144.5376438	9.91804702	343.9157573	0	1000.022075	6.078590646	0.663979018	19.3469172	208.8521412	0.324060648	235.2656887	E09000011
Hackney	2011	0.878374591	174.0358963	182.7220591	0.791520937	358.427851	0.135452284	214.8864691	49.03672085	5.709350754	269.767993	0	772.8989608	0.107406571	0.702484814	15.98549204	125.6911398	2.216593596	144.7031169	E09000012
Hackney	2017	0.729922339	95.14447152	186.139179	0.77333261	282.7869055	0.212575503	152.8440539	71.35602456	7.126248539	227.3638072	2.512842561	647.9936703	0.112003966	0.80586056	6.687937931	130.2371552	0	137.8429577	E09000012
Hackney	2010	0.949594152	184.0576537	224.4593122	0.995054892	410.4616149	0.138838591	222.5289406	55.74078461	6.473717385	284.8822812	0	840.047013	0.107406571	0.702484814	15.98549204	125.6911398	2.216593596	144.7031169	E09000012
Hackney	2014	0.646573087	159.005696	186.8172167	0.841735284	347.3112211	0.027287309	301.301346	59.73046062	4.204720126	367.3561074	2.092293359	850.7280963	0.116340286	0.867219151	10.77747098	124.2997374	0	136.0607678	E09000012
Hackney	2015	0.686175685	133.633047	169.3767503	0.846578163	304.5425512	0.363276936	212.5757277	59.59666392	6.77218995	281.6593928	2.351534287	717.9835878	0.131465701	0.867219151	9.264703212	121.5182558	0	131.7816438	E09000012
Hackney	2012	0.846721452	173.757531	197.733491	0.80121303	373.1389566	0.09149321	262.6253571	60.65007097	5.781107621	329.1480289	0	846.9901023	0.107406571	0.702484814	15.98549204	125.6911398	2.216593596	144.7031169	E09000012
Hackney	2013	1.055731361	174.3156295	200.4502951	0.815615567	376.6372715	0.042902534	263.7695549	68.59179164	3.803492274	336.2077414	0	848.8553299	0.112999018	0.775823776	13.96620793	121.1552863	0	136.010317	E09000012
Hackney	2016	0.620802584	106.147438	177.9879506	0.85547181	285.611663	0.230145619	168.0926187	61.29798073	7.135664509	231.8775576	2.530215847	647.6709773	0.116455397	0.774922392	7.409067816	121.8331494	0.048161587	130.1817566	E09000012
Hammersmith and Fulham	2013	0.367354591	143.4127039	182.6889687	1.007731326	327.4767584	0.005673576	332.9751927	116.5567009	8.022111501	457.5596786	0	935.7786556	15.44070527	4.876310997	24.58579852	105.6176196	0.221784116	150.7422185	E09000013
Hammersmith and Fulham	2014	0.627150503	131.3491278	169.6371413	1.017298853	302.6307184	0	278.6815132	97.92229839	10.19958531	388.9917919	2.18839499	845.6737914	15.09911274	2.884480059	20.45929575	115.5278827	0.080509761	154.051281	E09000013
Hammersmith and Fulham	2011	0.367967734	142.7960292	165.0869891	0.959517217	309.2105033	0	334.0004212	108.7718751	10.89768425	453.6699805	0	916.7332539	13.7971708	4.458165757	25.4321249	110.1548589	0.01044974	153.8527701	E09000013
Hammersmith and Fulham	2012	0.352141165	143.8575015	179.3169683	0.972440008	324.499051	0	333.2764733	119.470514	10.07092035	462.8179077	0	941.1697288	13.7971708	4.458165757	25.4321249	110.1548589	0.01044974	153.8527701	E09000013
Hammersmith and Fulham	2017	0.714112373	79.40864905	168.7252559	0.93543661	249.7834539	0	183.3388083	106.8150917	10.34665415	290.2180203	2.628260539	683.6279933	15.58139102	2.680393663	12.91079432	112.4473398	0.006600361	143.6265191	E09000013
Hammersmith and Fulham	2015	0.668048064	110.7019674	153.392414	1.023210708	265.7856402	0	239.0822788	103.6908868	11.25091607	356.4836249	2.459543176	769.7825992	15.14248145	2.884480059	17.84422671	111.5616276	0.080518312	147.5133341	E09000013
Hammersmith and Fulham	2010	0.39566423	154.0784885	204.3726782	1.201819544	360.0486505	0	369.3441915	129.6915127	13.32493829	512.3606425	0	1026.262063	13.7971708	4.458165757	25.4321249	110.1548589	0.01044974	153.8527701	E09000013
Hammersmith and Fulham	2016	0.603865192	87.66264217	160.9434177	1.033999518	250.2439246	0	199.9085566	101.6329785	10.61722502	300.5022853	2.646431802	694.5099211	15.13416177	2.703909186	14.30290656	111.5844035	0.038330215	143.7637112	E09000013
Haringey	2017	1.429402761	99.45413158	241.0601607	0.790785125	342.7344801	0.073417515	112.1610285	65.40276305	7.327900759	173.0055827	5.185807303	657.9588008	0	2.299504666	17.1453345	122.7738988	0	142.218738	E09000014
Haringey	2012	0.866504664	187.1077562	256.8492183	0.846442797	445.6699219	0.025618099	164.2746373	64.6485298	8.083567106	237.0323523	0	857.9379186	0	3.912250912	35.82828494	135.2786396	0.216468994	175.2356444	E09000014
Haringey	2013	0.984458978	185.9340167	261.2460355	0.843688783	449.0081999	1.87569887	162.4593676	66.80081676	5.936554317	237.0724375	0	857.393808	0	5.128421816	36.11518273	130.0695659	0	171.3131705	E09000014
Haringey	2015	1.338640942	141.8756684	221.5920196	0.851231855	365.6575609	0.15951075	132.3427592	55.36717792	7.324867171	200.0472269	4.852911944	726.3193292	0	2.47459	23.7156192	134.4243321	0	160.6145413	E09000014
Haringey	2016	1.210269067	112.071397	230.8702941	0.860867483	345.0128276	0.080540487	120.534334	64.14668915	7.268828477	178.2580148	5.221660928	679.269721	0	2.320981106	18.9940382	134.6440855	0.039773732	155.9988785	E09000014
Haringey	2010	0.973334006	203.6852736	291.7847918	0.953055822	497.3964552	0.040635685	182.4054044	68.24421674	9.434468131	260.124725	0	932.7568246	0	3.912250912	35.82828494	135.2786396	0.216468994	175.2356444	E09000014
Haringey	2011	0.898157802	189.7882744	236.7942534	0.836750704	428.3174363	0.037249378	158.0450667	58.86245212	8.008690375	224.9534585	0	828.5065392	0	3.912250912	35.82828494	135.2786396	0.216468994	175.2356444	E09000014
Haringey	2014	1.257729584	167.0624203	241.7045034	0.845336828	410.8699901	1.44012594	151.998229	59.80892846	6.619714694	224.1849089	4.317910858	801.8512817	0	2.47459	27.32840249	136.9933902	0	166.7963827	E09000014
Harrow	2011	0.795285102	180.5567351	256.795834	1.444121872	439.5919761	0.155770127	98.50522695	84.07259259	7.022813414	189.7564031	0	793.1178683	0.239383946	3.569959526	26.77431647	133.1858292	0	163.7694891	E09000015
Harrow	2012	0.767588606	179.6317267	281.6828708	1.46027536	463.5424615	0.146389136	97.98945857	98.98522986	7.103929873	204.2250074	0	831.536958	0.239383946	3.569959526	26.77431647	133.1858292	0	163.7694891	E09000015
Harrow	2010	0.862548021	195.7905571	312.0750692	1.499043733	510.2272181	0.155770127	106.5825192	110.9126236	8.461070626	226.1119836	0	900.1086908	0.239383946	3.569959526	26.77431647	133.1858292	0	163.7694891	E09000015
Harrow	2015	1.302518593	137.4426894	248.6194802	1.460254985	388.8249431	0.005599179	75.64263124	60.31610658	6.299834975	146.9776723	4.71350028	695.2521997	0.239300136	3.726786909	17.69546892	137.7880284	0	159.4495843	E09000015
Harrow	2013	0.925416014	180.2916446	288.7110965	1.41705382	471.3452109	0.185490673	100.8841972	84.35843656	5.489195179	190.91756	2.40413e-4	825.8062397	0.23930293	4.029286461	24.71383733	134.5610421	0	163.5434688	E09000015
Harrow	2014	1.22390698	162.4385483	271.3485342	1.448630866	436.4596203	0.165158262	126.40101	70.06765881	5.588966975	206.4166624	4.193868398	809.3047474	0.239300136	3.726786909	20.38163743	142.0807403	0	166.4284647	E09000015
Harrow	2016	1.17763744	109.000296	259.5406773	1.477806014	371.1964167	1.26681e-4	69.74344452	45.61520527	6.286353097	112.5432932	5.071656055	643.6133625	0.236954225	3.696931976	14.17349238	141.7662739	0	159.8736525	E09000015
Harrow	2017	1.390658567	96.40305492	271.14023	1.376017395	370.3099609	1.34446e-4	60.43730601	45.74377156	6.416500796	104.8405693	5.036832412	623.2186004	0.239313988	3.463104549	12.7939759	131.5716757	0	148.0680702	E09000015
Havering	2016	1.98724777	125.4234188	244.6484906	2.086321753	374.1454789	0.228738263	115.1504311	42.23544791	18.16979713	169.3366331	7.62232362	917.8249319	2.921643006	1.919756121	14.07010495	354.2786869	1.15262885	374.3428198	E09000016
Havering	2017	2.325845463	110.4584831	258.1553331	1.930185015	372.8698467	0.206795235	105.9516556	44.17105237	17.98960068	163.1873574	7.568904979	890.4630311	2.80996525	1.929573461	12.70065151	335.8323898	1.13324698	354.405827	E09000016
Havering	2015	2.19496575	159.9788905	234.5542972	2.062221978	398.7903754	0.398542701	132.6055755	41.58087878	16.64477555	198.3134924	7.083719849	965.4300345	3.310294254	2.076492064	17.59089166	344.8983866	0.45010219	368.3261668	E09000016
Havering	2011	3.972468869	208.5300436	248.1791703	2.099953505	462.7816363	1.425635289	166.1075736	38.91045981	16.20457258	222.6514677	0.003226431	1051.895422	2.695768551	2.355961573	30.39406435	330.4598458	0.556677736	366.462318	E09000016
Havering	2013	4.430926033	208.5332744	274.5543075	2.01218738	489.5306954	0.246283831	178.3892576	45.65309779	11.58577418	235.8861245	0.011711151	1095.914703	2.845304872	2.60183026	27.71721681	336.7768533	0.556677736	370.497883	E09000016
Havering	2014	2.074389419	188.2205534	255.7393864	2.046821608	448.0811508	0.209502438	162.1122345	41.79733595	12.7855982	223.2142106	6.309539497	1051.329686	2.929437697	2.076492064	20.44029255	354.1499357	0.438166383	380.0343244	E09000016
Havering	2010	4.289000253	226.3398005	307.0535808	2.297026065	539.9794075	1.689767243	217.6887736	47.20752184	18.11704909	284.7063382	0.003226431	1191.148064	2.695768551	2.355961573	30.39406435	330.4598458	0.556677736	366.462318	E09000016
Havering	2012	3.833986389	207.5111763	273.6230548	2.125799087	487.0940166	1.687134792	168.1834225	49.26167986	15.95810334	235.093567	0.003226431	1088.649902	2.695768551	2.355961573	30.39406435	330.4598458	0.556677736	366.462318	E09000016
Hillingdon	2011	2.0218442149999998	216.8988847	261.2168382	2.490867927	482.628435	3.156038217	492.043812	173.7292775	108.2592739	806.0633466	28.87494508	2366.563002	650.8242279	15.39230842	23.08043167	388.5742524	0	1077.87122	E09000017
Hillingdon	2017	1.935191007	117.8245479	275.0690873	2.331842705	397.160669	0.12426357	264.6673288	141.2636723	135.1084816	542.3638823	15.98642783	2097.508945	737.1843516	10.67206985	14.78629178	395.3416808	0	1157.984394	E09000017
Hillingdon	2010	2.180109907	232.3654251	320.1625445	2.649172114	557.3572516	3.901025779	574.9279869	275.0117567	110.3776614	974.0332342	9.814803391	2609.261706	650.8242279	15.39230842	23.08043167	388.5742524	0	1077.87122	E09000017
Hillingdon	2014	1.714450523	196.8959772	274.6344867	2.46250264	475.7074171	0.513303197	507.1626014	156.8647156	117.3732485	829.7929282	47.879059410000004	2438.154066	674.7452069	11.48464612	23.43333835	422.9905298	0	1132.653721	E09000017
Hillingdon	2015	1.819351722	166.7707693	249.831977	2.481735355	420.9038334	0.249044353	363.4141017	129.4995338	124.0384448	633.2803503	16.07922561	2165.514599	676.6950131	11.48464612	20.43662042	402.7141357	0	1111.330415	E09000017
Hillingdon	2012	1.946668012	217.460837	288.2690482	2.519944206	510.1964974	3.798798079	521.8273781	193.6493305	109.0922775	854.8971139	26.52932968	2442.964832	650.8242279	15.39230842	23.08043167	388.5742524	0	1077.87122	E09000017
Hillingdon	2013	2.267738736	218.8656979	292.8322816	2.426817294	516.3925356	0.503747506	628.4361066	192.6875657	103.3050498	956.3057072	31.37323762	2629.229908	720.341329	17.14898697	26.70670836	392.3346405	0	1156.531665	E09000017
Hillingdon	2016	1.646042577	132.2431948	262.4831385	2.511210432	398.8835863	0.137351104	291.2848865	124.756879	135.6806246	551.1222506	15.64313983	2170.464015	775.5281624	11.49444326	16.38063051	416.9701451	0.084796436	1220.458178	E09000017
Hounslow	2013	1.88054715	193.9211097	237.6540163	1.872218069	435.3278912	0.082493862	466.2490659	124.8633492	15.70641108	606.90132	0	1455.832406	108.4985071	0.746957952	21.90079414	282.3583575	0.098578412	413.6031951	E09000018
Hounslow	2014	1.43860442	175.0544573	200.2347004	1.913964393	378.6417266	0.051542696	438.7658432	106.6841499	18.95984335	573.2164166	8.755037524	1374.384153	105.4894457	0.392446261	19.07721558	297.46865	0.098252464	422.52601	E09000018
Hounslow	2011	1.543090497	193.7863844	213.0075759	1.841497689	410.1785485	0	466.6762433	114.1358007	25.22721869	606.0392626	0	1414.216555	94.50651197	0.676371652	21.78739763	281.0284626	0	397.9987439	E09000018
Hounslow	2012	1.487697505	194.6568857	233.4104603	1.864112573	431.419156	0	475.0712153	127.477197	20.55990244	624.4521232	1.343808551	1453.870023	94.50651197	0.676371652	21.78739763	281.0284626	0	397.9987439	E09000018
Hounslow	2017	1.62683331	106.053572	223.4337756	1.797283904	332.9114648	0.242776405	253.2193176	108.0669193	14.41615746	369.6349469	5.677746171	1102.648693	114.6245273	0.364679405	11.98796996	273.1251049	0	400.1022815	E09000018
Hounslow	2015	1.527848012	148.7049446	203.2603792	1.92780984	355.4209816	0.40424906	344.6227659	108.7643945	19.55656002	482.1839991	8.836029634	1244.927966	105.7924546	0.392446261	16.57826353	284.4615684	0.098252464	407.3229853	E09000018
Hounslow	2010	1.665746408	208.7722832	260.8241024	2.041800946	473.303933	0	504.5393106	137.0261022	22.14167339	663.7070862	0	1535.009763	94.50651197	0.676371652	21.78739763	281.0284626	0	397.9987439	E09000018
Hounslow	2016	1.382043438	118.0408184	213.0972021	1.94996634	334.4700303	0.262513121	278.1173858	110.5791098	18.46007962	405.2500271	11.11151716	1153.620269	111.3758281	0.350678828	13.28057834	288.8573778	0.035748052	413.9002111	E09000018
Islington	2017	0.52688874	87.50306996	172.3362712	0.80957757	261.1758075	0.265469354	223.5861172	127.2059505	6.988048478	344.4629886	1.850038652	705.5517697	0	1.691562337	15.43263551	82.78877577	0	99.91297362	E09000019
Islington	2012	0.502493572	161.0506937	184.8879783	0.804443727	347.2456093	0.065875111	437.193606	122.9327175	7.805899228	567.9980978	0	1047.484078	0	1.5679355	31.29752683	99.26722461	0.107684083	132.240371	E09000019
Islington	2013	0.665503081	160.2170268	186.8901961	0.85587817	348.6286041	0.037330735	418.0486414	122.6315315	8.100359592	548.8178633	0	1028.081892	0	2.006856065	32.14384244	96.48472647	0	130.635425	E09000019
Islington	2015	0.494615346	123.0381103	157.8503771	0.887175504	282.2702783	0.469982248	305.4618932	112.0751188	6.848490554	426.5867629	1.731278111	832.0936146	0	1.820358665	21.34216012	100.0740546	0	123.2365734	E09000019
Islington	2016	0.447378221	97.92871032	164.7986108	0.896451546	264.0711508	0.287916737	247.3069062	125.3633728	7.049059475	364.7734181	1.862829445	747.3465887	0	1.685393621	17.09666657	99.70364991	0.016309601	118.5020197	E09000019
Islington	2010	0.565799849	171.9753328	210.4539325	1.001516287	383.9965814	0.098202906	484.5961471	125.1761378	8.819854963	618.6903427	0	1134.927295	0	1.5679355	31.29752683	99.26722461	0.107684083	132.240371	E09000019
Islington	2011	0.522276784	158.7254031	170.4508983	0.794751634	330.4933298	0.094816599	409.4811602	102.643342	7.840217729	520.0595365	0	982.7932374	0	1.5679355	31.29752683	99.26722461	0.107684083	132.240371	E09000019
Islington	2014	0.465570166	146.289088	173.1996556	0.882165633	320.8364794	0.015159616	351.5565594	118.7347535	8.764736771	480.6116255	1.540416278	930.1122388	0	1.820358665	24.56096003	102.2828152	0	128.6641339	E09000019
Kensington and Chelsea	2011	0.569756491	188.568356	165.7059541	2.549020485	357.3930871	0.057567221	599.2049455	161.095048	2.792278101	763.1498389	0	1266.753612	1.744669336	4.225335862	24.76781619	115.4677739	0.005091062	146.2106863	E09000020
Kensington and Chelsea	2012	0.546016637	191.3576902	178.9184658	2.578096765	373.4002694	0.040257012	529.4636159	217.9269396	2.439733492	749.870546	0	1269.481502	1.744669336	4.225335862	24.76781619	115.4677739	0.005091062	146.2106863	E09000020
Kensington and Chelsea	2010	0.613279557	202.6699648	202.3197842	3.285619561	408.8886481	0.060953528	634.7404121	193.1207826	2.792278101	830.7144263	0	1385.8137610000001	1.744669336	4.225335862	24.76781619	115.4677739	0.005091062	146.2106863	E09000020
Kensington and Chelsea	2015	0.403177058	144.3396537	152.7297374	2.263233682	299.7358019	0.107799749	425.0168919	157.0512116	2.303301848	585.8595063	1.380301255	1029.533949	1.914785534	2.164333854	22.37445346	117.4699181	0.015150108	143.938641	E09000020
Kensington and Chelsea	2013	0.709100016	190.2733247	182.8406713	2.585109079	376.4082051	0.015026782	495.9943845	183.8220889	1.711084475	681.5425846	0	1205.910916	1.952496305	4.602137111	28.95431863	112.3760602	0.07511355	147.9601258	E09000020
Kensington and Chelsea	2014	0.379926875	171.8794792	169.4040487	2.250966753	343.9144215	0.00909577	550.3165028	176.8213964	1.916901202	730.2920285	1.228132273	1225.084913	1.909301507	2.164333854	25.61374049	121.1759368	0.015149974	150.8784626	E09000020
Kensington and Chelsea	2016	0.364770101	114.1397322	159.5443087	2.286550315	276.3353613	0.070003499	331.7211623	160.0264709	2.385784593	477.7501806	1.48518358	891.7360259	1.871085717	2.072833974	17.93842432	115.7363665	0.031773491	137.650484	E09000020
Kensington and Chelsea	2017	0.428852901	102.7180615	165.6651364	2.058666512	270.8707173	0.064740375	266.6124824	163.0441371	2.407848655	417.4117299	1.474985825	807.3902477	1.926378126	2.011200156	16.19246443	98.96259772	0.015160005	119.1078004	E09000020
Kingston upon Thames	2016	0.955270438	81.65600219	162.4728024	0.923714103	246.0077891	0.402702436	102.1098579	42.76484565	8.897799455	152.799549	3.929887081	564.3917323	0	0.512706619	5.305543557	159.7137996	0.052344456	165.5843942	E09000021
Kingston upon Thames	2017	1.123988473	72.33121049	170.5046958	0.858409845	244.8183047	0.367087574	97.14975936	45.45665439	8.650643328	150.7378967	3.902903196	562.3909185	0	0.535219709	4.789151134	161.5103463	0	166.8347171	E09000021
Kingston upon Thames	2015	1.055981227	103.6906493	158.3077973	0.912835357	263.9672631	0.797553748	122.5823069	43.216963	7.568144238	177.8173299	3.652362001	606.0585841	0	0.575971582	6.639355825	157.0223668	0.036296904	164.2739911	E09000021
Kingston upon Thames	2011	1.111816486	137.1584002	162.4562702	0.923979542	301.6504664	0.040635685	140.8269549	43.72297013	4.45828537	189.0488461	0	670.5178636	0	0.630081223	18.21187896	160.9061249	0.070466036	179.8185511	E09000021
Kingston upon Thames	2013	1.339876373	136.8366575	183.0927589	0.882577921	322.1518707	0.032406226	147.170883	51.43833525	9.115578719	207.7572032	0	707.0534948	0	0.695836644	14.83005425	161.5861169	0.032413093	177.1444209	E09000021
Kingston upon Thames	2014	0.994574344	123.037672	153.9289081	0.905706137	278.8668606	0.006063847	153.904233	40.91630755	9.831926447	207.9082444	3.249713517	658.0227338	0	0.575971582	7.760048278	162.875312	0.036296904	171.2476288	E09000021
Kingston upon Thames	2010	1.198862617	148.4732707	198.4606449	0.978901403	349.1116796	0.040635685	150.2527646	56.70250777	5.063538947	212.059447	0	740.9896777	0	0.630081223	18.21187896	160.9061249	0.070466036	179.8185511	E09000021
Kingston upon Thames	2012	1.076206706	138.8225445	179.485004	0.93367163500000006	320.3174269	0.029277827	138.3425228	49.40805008	4.676675836	192.4565266	0	692.5925045	0	0.630081223	18.21187896	160.9061249	0.070466036	179.8185511	E09000021
Lambeth	2011	0.929810941	223.4935583	259.4436894	1.570119082	485.4371776	0	272.1033998	145.6893185	3.89982975	421.692548	0	1139.925459	0	1.324263882	61.84353119	169.5701458	0.057792654	232.7957335	E09000022
Lambeth	2017	1.287648774	120.9784219	265.2685539	1.548292776	389.0829173	0	173.0333666	145.7341983	4.371099325	296.7724247	4.629956428	880.6860766	0	0.891132771	30.99619598	162.9228071	0.020598742	194.8307346	E09000022
Lambeth	2010	1.004987144	240.0722009	316.5681714	1.880266061	559.5256256	0	303.5004623	161.7111717	4.30229218	469.5139261	0	1261.835285	0	1.324263882	61.84353119	169.5701458	0.057792654	232.7957335	E09000022
Lambeth	2014	1.134326618	202.0321446	238.3393059	1.67068207	443.1764592	0	278.3563636	133.2542402	2.697799807	418.1634907	3.855087157	1081.33949	0	0.958984026	49.41501285	168.4443019	1.181241394	219.9995402	E09000022
Lambeth	2015	1.206687051	170.4233624	244.9505804	1.681269755	418.2618996	0	212.6462554	153.6943793	4.096494366	374.7698721	4.332743108	1003.135961	0	0.958984026	42.87539192	165.088545	1.181267954	210.1041889	E09000022
Lambeth	2012	0.898157802	224.2827359	282.1111192	1.589503268	508.8815162	0	274.4332853	156.0003521	3.796874245	434.2305116	0	1175.907761	0	1.324263882	61.84353119	169.5701458	0.057792654	232.7957335	E09000022
Lambeth	2013	1.105839765	224.2893892	286.14975	1.651216125	513.196195	0.001711738	278.7248517	172.3024483	2.356549441	453.3855612	0	1199.018429	0	1.462464363	63.44337915	165.6161839	1.914645523	232.436673	E09000022
Lambeth	2016	1.091101081	135.7112524	252.0196106	1.699587691	390.5215517	0	195.2665156	153.1294402	5.03633251	323.7558802	4.661967012	912.7022751	0	0.855935704	34.33837513	163.2029635	0.027568784	198.4248431	E09000022
Lewisham	2013	1.523600452	209.9092955	270.6725733	1.085787694	483.1912569	4.05413e-4	124.9869537	54.21283483	2.142300482	181.3424944	0	860.4905164	0.009124144	2.336630459	38.58817719	155.0089881	0.013845179	195.956765	E09000023
Lewisham	2014	1.772352487	189.9674966	226.9528509	1.102726568	419.7954265	0	132.6173548	45.6982898	2.432858533	186.7932355	6.044732407	786.9840256	0.009393936	1.408046198	22.36054496	156.6157897	0.00158885	180.3953636	E09000023
Lewisham	2011	1.396694732	210.7382837	245.6482645	1.079053032	458.8622959	0	118.051962	56.33413965	5.696871299	180.0829729	0	848.155095	0.00867258	2.115822718	45.98783213	159.1750254	1.922473337	209.2098261	E09000023
Lewisham	2012	1.345258382	211.6269023	267.5043424	1.091975823	481.5684789	0	122.3863546	54.03853606	5.559597292	181.984488	0	872.7627929	0.00867258	2.115822718	45.98783213	159.1750254	1.922473337	209.2098261	E09000023
Lewisham	2017	2.012732383	113.8392786	254.4410048	1.044775536	371.3377913	0.034539472	79.22436129	64.82345614	2.928600925	140.4707584	7.259718528	668.0224894	0.009043798	1.308422325	13.79991791	140.3995585	0.696997107	156.2139397	E09000023
Lewisham	2015	1.885746046	160.4555575	235.6867399	1.111379914	399.1394233	0.066827625	102.1723244	66.68948997	2.875266036	178.5975995	6.793691454	751.11474	0.010615243	1.408046198	19.13127459	152.8261468	0.001634354	173.3777172	E09000023
Lewisham	2010	1.507480716	224.7840578	301.4427152	1.13720559	528.8714593	0	144.7943764	55.4283858	6.242847464	206.4656096	0	944.5468951	0.00867258	2.115822718	45.98783213	159.1750254	1.922473337	209.2098261	E09000023
Lewisham	2016	1.705042805	127.664608	241.7484587	1.124606911	372.2427165	0.037635997	86.34675548	64.47162872	2.875994317	145.7540249	7.309910756	689.0510802	0.009403231	1.323934612	15.28790041	153.7326755	0.700425128	171.0543389	E09000023
London	2015	46.91521219	5011.027446	7070.300777	52.54166305	12180.7851	18.10181938	9234.554978	3597.767702	603.5579772	13642.73075	188.7482681	34105.92621	942.8460611	83.94980819	791.6455426	6432.16196	31.8069991	8282.410371	
London	2016	42.43007014	3968.635917	7335.317251	53.13575384	11399.51899	10.39598717	7749.055751	3668.79089	633.3961142	11625.14136	202.5848239	31355.90507	1040.800966	81.37816433	639.0822096	6525.890505	44.09288077	8331.244726	
London	2017	50.00623504	3547.006101	7691.157112	48.79803663	11336.96748	9.570027489	6967.235494	3811.197255	619.2393087	11024.1103	196.2504937	30320.36376	1003.483648	78.01008476	579.3822837	6255.456017	42.95394151	7959.285975	
London	2013	48.41518966	6555.590315	8253.58156	52.28523535	14909.8723	12.12190573	12498.37064	4228.745625	502.2866354	17285.54139	44.01659194	40874.9835	979.1197348	125.5771598	1199.61983	6356.396804	18.85628122	8679.569809	
London	2014	44.14011475	5932.99046	7352.66804	52.17877531	13381.97739	10.20635768	11561.71795	3642.394416	558.501103	15986.60877	213.7889422	37943.18353	930.9323631	83.94980819	908.2912453	6620.218825	31.20512107	8574.597363	
London	2012	40.82067861	6585.170225	8126.137162	52.41807018	14804.54614	20.13582566	12575.44752	4210.817734	525.4661804	17367.58547	35.71820544	40750.4899	871.1393091	111.1735064	1184.494526	6392.182783	19.36817418	8578.358299	
London	2010	45.67152207	7062.743804	9094.318327	59.17022838	16261.90388	20.18577662	13627.12406	4690.599866	589.7384945	18950.34937	22.70116918	43790.61155	871.1393091	111.1735064	1184.494526	6392.182783	19.36817418	8578.358299	
London	2011	42.30837611	6562.196112	7429.791841	51.8268525	14086.12318	18.89220731	11853.30958	3879.262901	539.2403791	16329.67551	38.97044798	38994.15699	871.1393091	111.1735064	1184.494526	6392.182783	19.36817418	8578.358299	
Merton	2010	0.921897656	173.0346929	237.4839108	1.263202801	412.7037041	0.037249378	222.3523621	71.32636561	11.25022886	304.966206	0	889.481405	0	1.040310518	36.51368909	134.2574952	0	171.8114948	E09000024
Merton	2011	0.854634737	160.3378839	195.2647355	1.182435358	357.6396895	0.037249378	193.4700486	58.80339808	9.777653149	262.0883492	0	791.5395336	0	1.040310518	36.51368909	134.2574952	0	171.8114948	E09000024
Merton	2012	0.822981598	161.0318225	214.1299979	1.195358149	377.1801601	0.036597284	192.2062574	62.54585634	10.07092035	264.8596314	0	813.8512863	0	1.040310518	36.51368909	134.2574952	0	171.8114948	E09000024
Merton	2016	1.568439463	97.28003036	194.2558631	1.211249614	294.3155825	0.480650903	143.2129785	55.72548528	8.093532448	198.109589	6.88396859	640.7543194	0	0.662167509	16.28702675	131.3799536	0	148.3291479	E09000024
Merton	2013	0.866952377	160.9050042	218.4295792	1.175463456	381.3769993	0.001202179	211.2159386	65.71726067	6.369725594	283.304127	0	834.817973	0	1.14887756	32.95045772	136.0375114	0	170.1368467	E09000024
Merton	2014	1.628820082	145.9701555	183.1188053	1.187928761	331.9057097	0.008027536	150.8550682	54.6046501	7.2516558270000004	218.4119128	5.692511087	708.5951781	0	0.743810976	23.62314779	133.9105968	0	158.2775556	E09000024
Merton	2015	1.735176801	123.3019465	189.3541551	1.197102073	315.5883805	0.946003141	157.6051522	56.55316894	8.175725425	229.6778786	6.39782894	698.0441166	0	0.743810976	20.43544644	131.5986	0	152.7778574	E09000024
Merton	2017	1.85501645	86.78908993	204.7862886	1.123461954	294.553857	0.438380619	127.1303476	57.15565521	8.283320213	185.0411567	6.836701019	621.6024612	0	0.691183917	14.80324801	126.5130156	0	142.0074475	E09000024
Newham	2013	1.5217327	188.5440085	221.5366488	0.507725241	412.1101152	0.039515899	482.0071013	209.2255774	30.13458445	721.406779	0	1408.228602	36.84578173	3.721334802	56.97186235	175.2632833	1.909445632	274.7117078	E09000025
Newham	2015	1.945373677	145.6205772	190.0635039	0.51457831	338.144033	0.301630608	368.6750983	172.8279906	31.72779469	580.5785283	7.046014101	1183.262896	42.87575091	2.476457045	40.02199997	177.6805217	1.4856051749999999	264.5403348	E09000025
Newham	2016	1.758838227	116.3807622	198.5112922	0.520414334	317.171307	0.079072418	334.6055752	171.9960043	36.13191689	518.2010514	7.581406163	1100.92197	41.02794959	2.255204153	32.19292361	185.3041811	4.769352662	265.5496112	E09000025
Newham	2017	2.077141032	105.0285983	208.0071721	0.478250756	315.5911622	0.073112318	282.5968053	178.6027363	35.62444534	475.5666455	7.529349759	1039.461874	37.88970285	2.301239612	28.85980346	174.5278185	4.725502293	248.3040667	E09000025
Newham	2014	1.827878487	173.3387309	207.1833925	0.510998151	382.861	0.72247827	440.8237342	177.2970853	31.61461249	656.7271485	6.269238169	1309.126259	37.94085386	2.476457045	45.57541486	182.0820601	1.463324884	269.5381107	E09000025
Newham	2010	1.487697505	202.2692091	247.6930535	0.507219539	451.9571796	3.894253165	453.1769865	267.7450911	31.24543596	758.8574693	2.795702544	1485.097815	34.35846877	3.13758104	54.00888129	182.580051	0.198184393	274.2831665	E09000025
Newham	2011	1.37691152	189.3683725	204.0271399	0.455528376	395.2279523	3.880707937	429.1777864	241.0016078	28.30340439	705.4399086	3.076402049	1374.951027	34.35846877	3.13758104	54.00888129	182.580051	0.198184393	274.2831665	E09000025
Newham	2012	1.333388455	190.0816812	218.4323919	0.458759073	410.3062206	3.75122161	483.5364878	198.3671013	29.37351768	715.0283284	0	1399.617716	34.35846877	3.13758104	54.00888129	182.580051	0.198184393	274.2831665	E09000025
Redbridge	2017	2.010887043	109.9482813	275.9554013	1.211878468	389.1264481	0.220252544	72.79041049	45.5385466	9.329265346	122.6215329	7.255262021	764.8717545	0.814096687	0.683450143	12.51220411	239.1140225	0	253.1237735	E09000026
Redbridge	2013	1.452003696	205.8394087	293.5968554	1.276658805	502.1649267	0.008850243	113.2696408	49.1377771	5.562665169	167.9789333	0	938.5127898	0.821253253	1.212236183	24.41481622	241.9206242	0	268.3689299	E09000026
Redbridge	2010	1.44417444	223.2501348	322.7973225	1.382738616	548.8743703	2.468617876	127.5621002	53.45688067	7.493912848	190.9815116	0	1010.112032	0.781032198	1.097681854	23.31012787	243.2372624	1.830045437	270.2561497	E09000026
Redbridge	2011	1.337345097	207.5533658	263.8835871	1.272894894	474.0471929	2.363642356	114.4751246	42.30589379	6.595392073	165.7400529	0	910.0433955	0.781032198	1.097681854	23.31012787	243.2372624	1.830045437	270.2561497	E09000026
Redbridge	2012	1.293822032	207.3681402	289.4587818	1.285817685	499.4065618	2.828970053	113.8993687	50.47921183	6.835621586	174.0431722	0	943.7058837	0.781032198	1.097681854	23.31012787	243.2372624	1.830045437	270.2561497	E09000026
Redbridge	2014	1.770657375	186.7972911	274.2634456	1.285251059	464.1166451	0.003031923	127.6482891	44.48573334	6.168408976	184.3464851	6.041021741	929.4976953	0.845285381	0.735488348	19.91870415	259.5350873	0	281.0345651	E09000026
Redbridge	2015	1.883974849	156.6826617	250.747724	1.294911604	410.6092721	0.478532249	85.52249628	42.47210698	8.887791703	144.1504482	6.789521027	824.0316384	0.954075632	0.735488348	17.30408707	250.278267	0	269.271918	E09000026
Redbridge	2016	1.703434359	123.2810554	262.8330109	1.310037816	389.1275384	0.241621461	77.57341465	42.20033855	9.432342157	122.8918019	7.305423438	783.339276	0.846029967	0.65721149	13.86133831	255.9553559	0	271.3199356	E09000026
Richmond upon Thames	2011	1.452087724	173.5455774	219.1285262	1.78334513	395.9095365	0	145.9561853	61.5762509	7.39719707	214.9296333	0	834.7252789	40.23768176	0.31117962	23.65406205	159.6831857	0	223.8861092	E09000027
Richmond upon Thames	2015	1.323901723	132.5725962	208.6926433	1.755461681	344.3446029	0	121.4595058	56.02450985	7.388506331	189.4857645	4.613242481	751.0853142	44.80276513	0.136729351	8.649011095	163.4252859	0.241155376	217.2549469	E09000027
Richmond upon Thames	2012	1.400651374	174.793081	241.9330227	1.802729317	419.9294843	0	154.8657091	69.10774162	7.721662905	231.6951136	0	875.5107071	40.23768176	0.31117962	23.65406205	159.6831857	0	223.8861092	E09000027
Richmond upon Thames	2013	1.626625008	174.0442997	246.2845342	1.758143496	423.7136025	0.001799619	159.5711392	76.94098814	5.337653964	241.8515809	0	889.4468329	45.65728995	0.343654396	17.42649492	160.200275	0.253935196	223.8816495	E09000027
Richmond upon Thames	2014	1.246444047	156.8343396	207.1922686	1.742757016	367.0158092	0	175.1908821	60.11793298	6.017533032	245.4310115	4.10466335	835.6484899	44.67444809	0.136729351	10.07024466	168.0790917	0.241155376	223.2016692	E09000027
Richmond upon Thames	2010	1.570786993	186.5972876	268.8888389	1.986879086	459.0437925	0	174.7637519	75.72439512	8.367474712	258.8556217	0	941.7855234	40.23768176	0.31117962	23.65406205	159.6831857	0	223.8861092	E09000027
Richmond upon Thames	2016	1.197530929	104.9091574	217.5849402	1.775702935	325.4673315	0	94.84652993	57.411417	7.520603846	157.8266236	4.963780157	698.5291743	44.77251945	0.122177463	6.915707291	163.2017366	0.223078366	215.2352192	E09000027
Richmond upon Thames	2017	1.409862067	93.94284405	226.8656201	1.637853757	323.8561799	0	86.30902353	57.94250008	7.599207498	150.5378317	4.929697225	678.150349	46.08028184	0.127055302	6.24259659	151.3064036	0	203.7563374	E09000027
Southwark	2016	0.861968796	137.2381743	188.9807342	2.344579848	329.4254571	0.201393445	378.1608123	182.0292736	9.061870291	552.0007306	3.684935114	1070.229226	1.275567168	0.673817636	21.13755421	160.8606121	4.855487116	188.8030382	E09000028
Southwark	2010	0.79132846	243.078808	237.726385	2.012724667	483.6092461	0.077885063	593.8742586	204.4101171	6.720186625	805.0824474	0	1502.122572	1.164580766	0.891005834	41.43971931	169.5751105	0.360462221	213.4308786	E09000028
Southwark	2011	0.731978826	226.7638835	194.7829367	1.650886525	423.9296855	0.074498756	513.1455129	161.55836300000001	6.124292639	680.9026673	0	1318.263231	1.164580766	0.891005834	41.43971931	169.5751105	0.360462221	213.4308786	E09000028
Southwark	2017	1.01728528	123.5682606	198.5472021	2.124910909	325.2576589	0.183588602	332.9393009	191.9970784	9.366414393	519.0657948	3.659633149	1012.50964	1.226809543	0.659025692	19.08022068	142.3853052	4.834824686	168.1861858	E09000028
Southwark	2013	0.983545371	224.1343191	213.2943818	2.088954899	440.5012012	0.41422525	552.1137815	200.2306111	4.597255409	757.3558732	0	1406.44122	1.234963871	0.983991407	39.36246999	164.7403958	2.26232471	208.5841458	E09000028
Southwark	2014	0.896097826	203.6296608	178.0171031	2.306192467	384.8490542	0.323055086	432.4534507	144.3404987	5.087497159	585.2516587	3.047157133	1170.125125	1.27148052	0.709204209	30.60286848	165.0374236	2.403434974	200.0244117	E09000028
Southwark	2015	0.95328796	171.5319161	183.6662751	2.31990795	358.4713871	0.400643267	454.3472668	176.1401187	9.452153238	643.7648903	3.4247083210000002	1194.780443	1.43678586	0.709204209	26.41447573	161.5660395	2.417659937	192.5441653	E09000028
Southwark	2012	0.708238972	227.0116578	210.9353225	1.670270711	440.3254901	0.062215383	554.3150788	191.853019	6.040056317	752.2703695	0	1406.026738	1.164580766	0.891005834	41.43971931	169.5751105	0.360462221	213.4308786	E09000028
Sutton	2010	2.0297575	181.7877241	231.8912063	1.463506058	417.172194	0	195.9401188	52.66953764	13.82099663	262.4306531	0	797.4642129	0.044194445	0.010570403	8.08819052	107.5012731	2.217137348	117.8613658	E09000029
Sutton	2011	1.879405093	169.9933898	189.96758	1.385969313	363.2263442	0	161.7271581	44.20268342	12.48569493	218.4155364	0	699.5032464	0.044194445	0.010570403	8.08819052	107.5012731	2.217137348	117.8613658	E09000029
Sutton	2012	1.816098816	170.4386968	209.9985791	1.402122802	383.6554975	0	179.2909215	48.02879566	12.61048948	239.9302066	0	741.44707	0.044194445	0.010570403	8.08819052	107.5012731	2.217137348	117.8613658	E09000029
Sutton	2016	1.366411047	100.2022156	189.7022994	1.402713668	292.6736397	0.017500875	108.3235389	42.56053445	8.526219128	161.8696379	5.561970257	569.9552787	0.043745877	0	3.120125656	112.2481296	0	115.4120011	E09000029
Sutton	2013	2.086949851	168.7130095	213.4475684	1.349726363	385.5972541	1.578608809	179.2464592	48.32478731	6.432653543	235.5825089	0	737.1210446	0.044179489	0.011673533	7.039568231	108.8458604	0	115.9412816	E09000029
Sutton	2014	1.423201582	151.8513463	179.0803974	1.375372459	333.7303177	1.215106262	153.5824054	36.99669251	7.316883498	203.7104081	4.599320427	656.9621778	0.044178973	0	4.565793502	114.9114795	0	119.521452	E09000029
Sutton	2015	1.510276976	128.2628657	185.2140512	1.386195641	316.3733896	0.026949937	136.5181422	43.1631218	8.547694671	193.4250975	5.169188936	626.1097661	0.044178973	0	3.923271393	112.3438287	0	116.311279	E09000029
Sutton	2017	1.606429856	89.44325922	198.9931529	1.303508999	291.346351	0.016185094	98.4530941	49.35992482	8.71740927	159.2297061	5.523779958	555.8428682	0.04418153	0	2.840687147	102.3819425	0	105.2668111	E09000029
Tower Hamlets	2013	0.984751559	199.8406077	145.8165113	1.241847679	347.8837183	0.117302232	1158.908821	146.984155	6.852861562	1314.713161	1.850021017	1888.707382	12.29899653	0.185884113	50.20562817	158.8873022	4.532691761	226.1105028	E09000030
Tower Hamlets	2015	0.469695404	156.4636794	123.1654881	1.26809037	281.3669533	1.478757746	832.3615976	130.0434548	18.74287822	989.5653055	6.938617095	1485.879353	14.30955729	0.001919134	37.59298655	156.7847889	6.257842302	214.9470942	E09000030
Tower Hamlets	2016	0.42511069	127.1510596	128.4012817	1.28139129	257.2588432	0.781696648	684.6010233	136.8928228	21.89264791	821.4436093	7.522747704	1292.89154	12.66630194	0.001714884	30.24732911	160.4870624	10.78667943	214.1890877	E09000030
Tower Hamlets	2017	0.49857971	115.8432267	133.582857	1.157978004	251.0826414	0.714651582	595.2658007	148.6739035	20.92571764	745.8771438	7.408502068	1185.760861	12.18217109	0.001783349	27.1114317	138.8002988	10.70539078	188.8010758	E09000030
Tower Hamlets	2014	0.443301979	184.6555208	132.1214685	1.260867116	318.4811584	0.078355092	1093.616797	119.1110216	7.818216387	1226.804375	6.179984951	1768.19714	12.66328257	0.001919134	42.74947912	161.30048970000001	6.196435751	222.9116062	E09000030
Tower Hamlets	2010	0.84276481	211.1618241	162.2160458	1.524889314	375.7455239	0.176087969	1402.830505	142.9658447	9.016406382	1554.988844	0	2141.889857	6.1721e-4	0.16831837	45.72299606	165.1387934	0.124763997	211.155489	E09000030
Tower Hamlets	2011	0.783415175	197.11318	133.0592528	1.211511638	332.1673596	0.172701662	1106.843914	131.0822622	7.837097866	1246.224741	0.288765583	1789.54759	6.1721e-4	0.16831837	45.72299606	165.1387934	0.124763997	211.155489	E09000030
Tower Hamlets	2012	0.751762037	203.0515305	143.0057846	1.224434428	348.0335116	0.120771037	1293.68311	142.1965222	7.546950532	1444.655633	1.108279081	2003.844633	6.1721e-4	0.16831837	45.72299606	165.1387934	0.124763997	211.155489	E09000030
Unapportioned	2015							-43.83630502	18.51561124		-25.32069378		18.51561124			43.83630502			43.83630502	
Unapportioned	2016								13.47264504		-26.79173894		13.47264504			40.26438398			40.26438398	
Unapportioned	2017								13.79575057		-25.03397924		13.79575057			38.82972981			38.82972981	
Unapportioned	2012								31.05501194		31.05501194									
Unapportioned	2013							-49.59856987	32.03689629		-17.56167358		32.03689629			49.59856987			49.59856987	
Unapportioned	2010								67.88765717		67.88765717		67.88765717							
Unapportioned	2011								23.37829677		23.37829677									
Unapportioned	2014							-47.02722815	19.51506403		-27.51216412		19.51506403			47.02722815			47.02722815	
Waltham Forest	2010	1.717182758	193.6245078	269.9452891	0.839981402	466.1269611	0.274290875	186.8214897	67.63251296	14.51984613	269.2481397	0	929.465068	0.757644913	3.244302588	16.19836692	169.3806358	4.509016982	194.0899672	E09000031
Waltham Forest	2011	1.590570205	181.4714344	221.4511787	0.762444657	405.275628	0.237041497	163.058035	52.19475317	12.6947258	228.1845555	0	827.5501508	0.757644913	3.244302588	16.19836692	169.3806358	4.509016982	194.0899672	E09000031
Waltham Forest	2012	1.539133855	180.9028017	242.2192798	0.77213675	425.4333522	0.219583704	160.667306	64.41044319	12.65416757	237.9515005	0	857.47481990000006	0.757644913	3.244302588	16.19836692	169.3806358	4.509016982	194.0899672	E09000031
Waltham Forest	2013	1.658131987	179.7730099	245.6877642	0.792254422	427.9111606	0.005762503	154.4180303	62.36154545	7.606630313	224.3919686	0	840.258176	0.569206233	4.499298935	16.96205609	165.9244856	0	187.9550469	E09000031
Waltham Forest	2014	1.91927604	162.7099801	229.7501383	0.801270795	395.1806653	0	170.2830144	56.56105775	8.513941579	241.8959642	6.53795046	834.8675318	0.586037093	2.101146546	14.00443843	181.0992803	0	197.7909024	E09000031
Waltham Forest	2015	2.041946544	137.0038138	210.0044492	0.807114181	349.8573237	0.066827625	120.2715522	50.60023295	9.700658674	187.987292	7.348020587	728.6525959	0.662227848	2.101146546	12.16646006	175.8781457	0	190.8079802	E09000031
Waltham Forest	2016	1.846301783	107.8781843	219.3457992	0.816422	329.8867072	0.037635997	103.3680395	51.53310536	10.0178227	163.1170537	7.906360642	681.5981477	0.586616935	1.954657278	9.745910515	176.2813778	0.025824222	188.5943867	E09000031
Waltham Forest	2017	2.179279798	95.90497534	229.0085939	0.753068524	327.8459176	0.034539472	91.5749429	53.4894558	10.03919977	154.1928769	7.852072994	648.0099031	0.56419389	1.952483558	8.797334059	154.6570971	0	165.9711086	E09000031
Wandsworth	2010	0.751762037	269.304517	342.7931844	1.712269781	614.5617332	0	175.8015114	138.8290405	7.497032711	322.1275845	0	1209.926514	12.33024414	2.358449697	85.21744986	173.3149694	0.016083279	273.2371964	E09000032
Wandsworth	2011	0.696369045	249.5128638	280.9404971	1.44735257	532.5970825	0	147.9064456	112.5427756	6.514275614	266.9634968	0	1072.797776	12.33024414	2.358449697	85.21744986	173.3149694	0.016083279	273.2371964	E09000032
Wandsworth	2012	0.672629191	252.9528576	308.7742378	1.463506058	563.8632306	0	154.8126543	118.2593896	6.389481062	279.461525	0	1116.561952	12.33024414	2.358449697	85.21744986	173.3149694	0.016083279	273.2371964	E09000032
Wandsworth	2013	0.831996238	250.887481	313.2881925	1.519444183	566.5271139	0.001080535	158.6346584	127.9577776	4.625175014	291.2186915	0	1119.257625	13.78859628	2.604578046	74.82464639	170.1217484	0.172250592	261.5118197	E09000032
Wandsworth	2014	1.375137938	227.6158234	262.2341829	1.544266167	492.7694104	0	204.0777768	103.1383228	5.046354629	317.0716294	4.809175215	1040.809863	13.4899079	1.456241724	43.28922017	172.623718	0.109735513	230.9688233	E09000032
Wandsworth	2015	1.464980824	192.6574449	268.2600397	1.554223516	463.936689	0.026949937	147.7303984	108.6863263	6.289356727	268.1380767	5.405045312	953.4848373	13.52793835	1.456241724	37.22241954	169.091776	0.111696034	221.4100716	E09000032
Wandsworth	2016	1.324196338	153.4154767	276.2439149	1.571271955	432.5548598	0.017500875	147.9033418	126.2025997	6.032089998	256.2029677	5.815748203	903.2362599	13.62340704	1.298701963	29.76831285	169.7625999	0.025410508	214.4784323	E09000032
Wandsworth	2017	1.566230182	138.1139667	291.6013877	1.433479931	432.7150645	0.016185094	139.8242527	115.0456102	6.163475768	239.9543978	5.775815381	859.8280765	14.02114783	1.35320786	26.87094137	144.9062065	0.007110696	187.1586142	E09000032
Westminster	2010	0.906071087	267.8656964	223.4018706	4.758817712	496.9324557	0.044021992	1798.474398	572.2293079	17.61787088	2388.365599	0	3212.433061	0	3.634069863	64.71501208	258.6086106	0.177314209	327.1350068	E09000033
Westminster	2011	0.838808168	245.7344508	183.3371765	3.689456773	433.5998923	0.037249378	1605.052862	473.7134069	15.20933603	2094.012855	0	2854.747754	0	3.634069863	64.71501208	258.6086106	0.177314209	327.1350068	E09000033
Westminster	2012	0.811111672	249.4630075	198.0117758	3.734686541	452.0205814	0.036597284	1667.507353	528.8830753	13.72116099	2210.148187	0	2989.303775	0	3.634069863	64.71501208	258.6086106	0.177314209	327.1350068	E09000033
Westminster	2013	1.140758781	246.7204409	201.7140521	3.78844773	453.3636995	0.992298247	1651.911933	545.4357248	53.93554032	2252.275496	0	3043.784452	0	4.012615767	77.7287208	255.2435713	1.160347969	338.1452558	E09000033
Westminster	2014	0.403857754	222.9969671	179.0829645	3.287175101	405.7709645	0.638082635	1500.096514	408.8395201	56.76695813	1967.587509	1.246434904	2708.731602	0	2.974162546	69.0165076	261.6420081	1.740449997	335.3731282	E09000033
Westminster	2015	0.427649328	187.570225	169.5636501	3.305087863	360.8666122	8.562985476	1197.811216	438.4642635	47.72674741	1693.966084	1.400871632	2375.198732	0	2.974162546	60.25270389	255.3986942	1.74047453	320.3660352	E09000033
Westminster	2016	0.387110577	150.0687256	176.112518	3.339137295	329.9074915	5.323307029	969.1529241	458.7445059	52.80438527	1439.230079	1.507316999	2071.191608	0	3.010230468	48.30236055	246.4595113	4.281935683	302.054038	E09000033
Westminster	2017	0.453593145	136.22905	182.7351884	3.006336205	322.4241677	4.912143415	864.7938182	494.82297	50.68067078	1373.105513	1.496967269	1984.283036	0	2.763730821	43.60105657	238.1613564	4.227210962	288.7533547	E09000033
